villeLabel;population;latitude;longitude
Marseille;873076;43.296666666;5.376388888
Nice;348085;43.701944444;7.268333333
Montpellier;302454;43.610919444;3.877230555
Toulon;180452;43.125;5.930555555
Aix-en-Provence;147478;43.527777777;5.445555555
Perpignan;119656;42.6975;2.894722222
Béziers;80341;43.343333333;3.216111111
Antibes;75130;43.58;7.123055555
Ajaccio;73822;41.925555555;8.736388888
Cannes;73255;43.5525;7.021388888
La Seyne-sur-Mer;62763;43.103055555;5.878333333
Fréjus;57082;43.433055555;6.735555555
Narbonne;56395;43.184722222;3.003611111
Hyères;55103;43.118888888;6.128611111
Cagnes-sur-Mer;52580;43.663611111;7.148333333
Arles;50415;43.676944444;4.628611111
Bastia;48768;42.7;9.449444444
Martigues;48568;43.405277777;5.0475
Grasse;48323;43.658055555;6.925277777
Aubagne;47342;43.290833333;5.570833333
Carcassonne;46218;43.215833333;2.351388888
Salon-de-Provence;44731;43.640555555;5.097222222
Sète;44712;43.404444444;3.696666666
Istres;44577;43.514166666;4.988888888
Alès;43892;44.127222222;4.080833333
Le Cannet;41597;43.576111111;7.018611111
Draguignan;39745;43.539444444;6.466111111
La Ciotat;36987;43.176111111;5.608055555
Six-Fours-les-Plages;36203;43.093333333;5.839444444
Saint-Raphaël;35950;43.424722222;6.767777777
Vitrolles;35532;43.448055555;5.249722222
Marignane;33003;43.416944444;5.214722222
Saint-Laurent-du-Var;30941;43.673333333;7.19
Menton;30412;43.774722222;7.499722222
Agde;29103;43.31;3.475277777
Vallauris;28025;43.579722222;7.053333333
Miramas;26405;43.581388888;5.001388888
Lunel;26185;43.676944444;4.135277777
La Garde;25912;43.124722222;6.010555555
Castelnau-le-Lez;24888;43.636111111;3.901388888
La Valette-du-Var;23955;43.137222222;5.9825
Frontignan;23808;43.447222222;3.755555555
Les Pennes-Mirabeau;22161;43.41;5.309444444
Mandelieu-la-Napoule;21561;43.545555555;6.9375
Allauch;21490;43.336111111;5.482222222
Gardanne;21174;43.454444444;5.476111111
Mougins;19677;43.6;6.994722222
Vence;19415;43.722465555;7.111862222
La Crau;19179;43.149722222;6.074166666
Bagnols-sur-Cèze;18248;44.1625;4.62
Châteauneuf-les-Martigues;17909;43.383055555;5.164166666
Brignoles;17664;43.405833333;6.061666666
Saint-Maximin-la-Sainte-Baume;17631;43.453333333;5.861944444
Lattes;17544;43.567752777;3.902055555
Sanary-sur-Mer;17268;43.119166666;5.802222222
Villeneuve-Loubet;16779;43.658055555;7.121388888
Châteaurenard;16669;43.8825;4.855
Mauguio;16596;43.616388888;4.0075
Port-de-Bouc;16136;43.405;4.988611111
Beaucaire;15680;43.807222222;4.643333333
Fos-sur-Mer;15469;43.454444444;4.943611111
Tarascon;15423;43.805;4.659444444
Bouc-Bel-Air;15248;43.454444444;5.414444444
Roquebrune-sur-Argens;14448;43.443333333;6.637777777
Sainte-Maxime;14433;43.308888888;6.637777777
Saint-Gilles;14264;43.677777777;4.431111111
Ollioules;14011;43.139444444;5.846944444
Berre-l'Étang;13912;43.475555555;5.168055555
Saint-Martin-de-Crau;13729;43.639722222;4.8125
Carros;13277;43.7725;7.193333333
Auriol;12839;43.369444444;5.631388888
Juvignac;12783;43.613055555;3.809722222
Valbonne;12754;43.641388888;7.008888888
Beausoleil;12674;43.741944444;7.423611111
Mèze;12664;43.426666666;3.605277777
Villeneuve-lès-Avignon;12617;43.966388888;4.795833333
Canet-en-Roussillon;12598;42.705555555;3.007222222
Vidauban;12573;43.427222222;6.431944444
Saint-Jean-de-Védas;12570;43.576388888;3.823888888
Cuers;12550;43.2375;6.070833333
Castelnaudary;12448;43.318055555;1.953888888
Roquebrune-Cap-Martin;12371;43.757222222;7.474166666
Rognac;12175;43.487777777;5.232222222
Saint-Cyr-sur-Mer;12103;43.183611111;5.708611111
Solliès-Pont;12080;43.19;6.041111111
Vauvert;11774;43.693333333;4.276111111
Cogolin;11762;43.2525;6.53
Septèmes-les-Vallons;11734;43.398333333;5.365833333
Saint-Estève;11550;42.713333333;2.841944444
La Londe-les-Maures;11442;43.138055555;6.234444444
Saint-Cyprien;11398;42.618055555;3.006388888
Plan-de-Cuques;11396;43.346944444;5.463055555
Porto-Vecchio;11229;41.590833333;9.279722222
Le Luc;11053;43.394722222;6.312777777
Lézignan-Corbières;10952;43.200555555;2.757777777
Argelès-sur-Mer;10792;42.546111111;3.023888888
Pia;10733;42.744722222;2.920833333
Le Pradet;10728;43.105555555;6.023333333
Trets;10678;43.446944444;5.685833333
Pont-Saint-Esprit;10600;44.256388888;4.648333333
Pélissanne;10554;43.631388888;5.150555555
Saint-Gély-du-Fesc;10537;43.692222222;3.806111111
Mouans-Sartoux;10531;43.62;6.971944444
Villeneuve-lès-Maguelone;10405;43.532222222;3.860833333
Cabestany;10338;42.680555555;2.942777777
Limoux;10302;43.056944444;2.218611111
La Trinité;10276;43.740833333;7.314166666
Fuveau;10115;43.452222222;5.561666666
Gignac-la-Nerthe;10083;43.39319;5.235583
Cabriès;10070;43.441111111;5.379722222
Saint-Laurent-de-la-Salanque;10010;42.773611111;2.990833333
Le Beausset;10007;43.198333333;5.802777777
Lambesc;9991;43.653888888;5.261944444
Biot;9880;43.628611111;7.095555555
Borgo;9678;42.553888888;9.4275
La Farlède;9658;43.167777777;6.043055555
Le Muy;9646;43.4725;6.566388888
Saint-Rémy-de-Provence;9619;43.789444444;4.831666666
Pérols;9561;43.565;3.950555555
Lorgues;9542;43.493333333;6.361111111
Elne;9428;42.600277777;2.971111111
Carqueiranne;9417;43.095;6.073611111
Lançon-Provence;9340;43.5925;5.128055555
Le Crès;9295;43.647222222;3.939166666
Clermont-l'Hérault;9269;43.627222222;3.432222222
Rivesaltes;9099;42.768888888;2.873888888
Grabels;8973;43.648055555;3.801666666
La Fare-les-Oliviers;8867;43.551666666;5.194722222
Velaux;8713;43.5225;5.253888888
Roquevaire;8673;43.349444444;5.604722222
Saint-Chamas;8643;43.550277777;5.034722222
La Grande-Motte;8573;43.560555555;4.085
Les Angles;8480;43.954444444;4.766666666
Marguerittes;8467;43.86;4.443888888
Port-Saint-Louis-du-Rhône;8446;43.3875;4.804444444
Le Grau-du-Roi;8438;43.537222222;4.136666666
Venelles;8426;43.598333333;5.4825
Uzès;8379;44.0125;4.419722222
Bandol;8311;43.136388888;5.753333333
Peymeinade;8256;43.642222222;6.875833333
Pignan;8221;43.584166666;3.761944444
Éguilles;8220;43.568611111;5.354166666
Puget-sur-Argens;8195;43.455833333;6.684166666
Bormes-les-Mimosas;8173;43.151666666;6.343055555
Thuir;8173;42.631944444;2.756388888
Sérignan;8123;43.28;3.2775
La Colle-sur-Loup;8084;43.686388888;7.103888888
Pégomas;8045;43.596666666;6.933333333
Rochefort-du-Gard;7921;43.974444444;4.690277777
Le Soler;7846;42.681944444;2.793333333
Pézenas;7788;43.459444444;3.422777777
Bellegarde;7740;43.753611111;4.514444444
Baillargues;7735;43.661111111;4.012777777
Cavalaire-sur-Mer;7678;43.171111111;6.529166666
Corte;7654;42.305555555;9.150555555
Biguglia;7654;42.618333333;9.436111111
Céret;7648;42.488055555;2.751388888
Marseillan;7643;43.356388888;3.527777777
Bompas;7619;42.731111111;2.933333333
Les Arcs;7580;43.463333333;6.478888888
Sausset-les-Pins;7563;43.332222222;5.113888888
Contes;7544;43.811944444;7.313888888
Toulouges;7334;42.670555555;2.831944444
Lodève;7289;43.731666666;3.319444444
Roquefort-les-Pins;7276;43.665555555;7.050833333
Canet-en-Roussillon-Saint-Nazaire;7219;42.7067;3.00778
Fabrègues;7197;43.550277777;3.776111111
La Gaude;7133;43.721944444;7.153055555
Saint-Christol-lez-Alès;7115;44.084444444;4.076944444
Manduel;7109;43.818333333;4.473333333
Balaruc-les-Bains;7073;43.440833333;3.677222222
Vendargues;7044;43.657777777;3.969444444
Eyguières;6887;43.695277777;5.031111111
Sénas;6838;43.744444444;5.078611111
Jacou;6823;43.660769444;3.910327777
Gémenos;6794;43.296111111;5.626944444
Carnoux-en-Provence;6747;43.256388888;5.564444444
Cassis;6720;43.215555555;5.537222222
Montauroux;6685;43.618333333;6.765277777
Cournonterral;6654;43.557758333;3.71895
Gignac;6650;43.651944444;3.551111111
Saint-Victoret;6648;43.420833333;5.233333333
Marsillargues;6587;43.664444444;4.176944444
La Penne-sur-Huveaune;6569;43.280555555;5.515833333
Gigean;6565;43.499722222;3.711111111
Canohès;6534;42.651944444;2.834444444
Castries;6523;43.678888888;3.981388888
Laudun-l'Ardoise;6511;44.105;4.6575
Saint-André-de-Sangonis;6344;43.649722222;3.503611111
La Bouilladisse;6341;43.395277777;5.595277777
Trans-en-Provence;6285;43.503333333;6.486111111
Poussan;6283;43.488611111;3.67
Le Lavandou;6216;43.137777777;6.367777777
Bouillargues;6192;43.800277777;4.426944444
Mallemort;6172;43.730833333;5.179444444
Prades;6124;42.617222222;2.421944444
Prades-le-Lez;6107;43.698888888;3.864722222
Calvisson;6105;43.785;4.192222222
Lucciana;6091;42.545833333;9.417222222
Pierrefeu-du-Var;6083;43.224444444;6.145277777
Saint-Mandrier-sur-Mer;6079;43.076111111;5.927777777
Le Barcarès;6049;42.788333333;3.035555555
Furiani;6032;42.656666666;9.433055555
Milhaud;5987;43.789722222;4.3075
Meyreuil;5935;43.486111111;5.495555555
Saint-Zacharie;5931;43.384166666;5.706666666
Solliès-Toucas;5912;43.205555555;6.025
Port-la-Nouvelle;5905;43.02;3.046111111
Fayence;5890;43.623333333;6.693888888
Vias;5882;43.312777777;3.418611111
Palavas-les-Flots;5881;43.529444444;3.930555555
Roquefort-la-Bédoule;5861;43.2475;5.590833333
Noves;5853;43.876944444;4.901388888
Simiane-Collongue;5849;43.431111111;5.4325
Le Puy-Sainte-Réparade;5830;43.663333333;5.437222222
Saint-Mitre-les-Remparts;5816;43.455;5.014166666
Clapiers;5811;43.6575;3.888333333
Saint-André-de-la-Roche;5782;43.74;7.287777777
Bédarieux;5778;43.615930555;3.158805555
Ensuès-la-Redonne;5768;43.355833333;5.204166666
Coursan;5751;43.2325;3.058888888
Aimargues;5749;43.684722222;4.208611111
Calvi;5746;42.567777777;8.756666666
Carry-le-Rouet;5708;43.331944444;5.151944444
Saleilles;5671;42.654166666;2.951666666
Cuges-les-Pins;5662;43.276388888;5.700555555
Saint-Cannat;5653;43.621388888;5.298055555
Vergèze;5621;43.743333333;4.22
Peypin;5613;43.385833333;5.578333333
La Cadière-d'Azur;5602;43.195833333;5.755555555
Saint-Georges-d'Orques;5600;43.610277777;3.780555555
Sigean;5583;43.028055555;2.977777777
Beauvoisin;5581;43.718333333;4.323611111
Bessan;5572;43.361388888;3.424166666
Ille-sur-Têt;5538;42.670555555;2.620555555
Roquemaure;5526;44.051666666;4.778333333
Ventabren;5484;43.538888888;5.293055555
Saint-Privat-des-Vieux;5482;44.144166666;4.129166666
Pourrières;5474;43.503888888;5.733888888
Sauvian;5459;43.291944444;3.260555555
La Roquette-sur-Siagne;5436;43.58;6.955555555
Rocbaron;5422;43.304166666;6.090833333
Trèbes;5416;43.209722222;2.441388888
Pollestres;5402;42.637777777;2.866944444
La Roque-d'Anthéron;5377;43.714722222;5.310833333
Servian;5337;43.427222222;3.299166666
Garéoult;5322;43.328333333;6.046111111
Le Boulou;5321;42.523888888;2.83
Le Castellet;5285;43.202777777;5.776666666
Grans;5274;43.608611111;5.063055555
Drap;5238;43.755;7.321388888
Peyrolles-en-Provence;5223;43.645555555;5.585
Rousset;5209;43.482222222;5.622222222
Le Rove;5194;43.369166666;5.250277777
Levens;5165;43.860833333;7.224444444
Tourves;5160;43.408055555;5.923888888
Cazouls-lès-Béziers;5146;43.392222222;3.101388888
Garons;5106;43.768333333;4.428333333
Gruissan;5096;43.106944444;3.088333333
Saint-Clément-de-Rivière;5058;43.683611111;3.846388888
Sommières;5040;43.784444444;4.09
Florensac;5022;43.382777777;3.465
Villefranche-sur-Mer;4989;43.704166666;7.311666666
Nans-les-Pins;4968;43.370555555;5.782222222
Saint-Mathieu-de-Tréviers;4896;43.769722222;3.868611111
La Grand-Combe;4891;44.211111111;4.029444444
Ceyreste;4813;43.213611111;5.629722222
Graveson;4791;43.851111111;4.773333333
Sainte-Marie-la-Mer;4784;42.727222222;3.016944444
Uchaud;4761;43.756944444;4.269444444
Tourrette-Levens;4760;43.786666666;7.275833333
Pignans;4730;43.300555555;6.226666666
Teyran;4685;43.684166666;3.928055555
Claira;4681;42.760277777;2.955555555
Maraussan;4671;43.366666666;3.157777777
Banyuls-sur-Mer;4671;42.482222222;3.1275
Saint-Hilaire-de-Brethmas;4616;44.080833333;4.125277777
Saint-Martin-de-Valgalgues;4603;44.163055555;4.082222222
Cabannes;4595;43.860555555;4.951111111
Le Cannet-des-Maures;4592;43.391666666;6.340833333
Rognes;4586;43.664444444;5.347222222
Leucate;4550;42.909444444;3.028888888
Grimaud;4527;43.273333333;6.521666666
Cap-d'Ail;4508;43.721111111;7.405555555
Puget-Ville;4488;43.289444444;6.136111111
Lunel-Viel;4488;43.677777777;4.091666666
Bages;4482;42.605833333;2.896944444
Villemoustaussou;4468;43.252222222;2.364722222
Montagnac;4436;43.480833333;3.483055555
Jouques;4404;43.636944444;5.636666666
Gréasque;4392;43.430555555;5.539166666
Rousson;4359;44.178611111;4.15
Eyragues;4355;43.841111111;4.841111111
Flayosc;4354;43.534166666;6.396944444
Caveirac;4351;43.825;4.262222222
Gonfaron;4342;43.320555555;6.289166666
Vinon-sur-Verdon;4333;43.724722222;5.811944444
Saint-Jeannet;4303;43.746388888;7.143333333
Millas;4294;42.691666666;2.695555555
Gattières;4287;43.759444444;7.175833333
Clarensac;4280;43.826944444;4.218055555
Rians;4272;43.606944444;5.757222222
Le Val;4270;43.439444444;6.073055555
Villeneuve-de-la-Raho;4270;42.636666666;2.917222222
Bastelicaccia;4251;41.923888888;8.823888888
Ghisonaccia;4248;42.016388888;9.405
Poulx;4237;43.910833333;4.423611111
Barbentane;4236;43.899444444;4.747777777
Mimet;4187;43.413611111;5.505555555
Redessan;4181;43.831944444;4.496944444
Valras-Plage;4167;43.246944444;3.290833333
Montarnaud;4164;43.648888888;3.698888888
Le Rouret;4157;43.674444444;7.005555555
Saint-Aunès;4136;43.64;3.965277777
Aramon;4127;43.891111111;4.680833333
Rognonas;4111;43.900833333;4.804722222
Villeneuve-lès-Béziers;4098;43.314722222;3.280277777
Caissargues;4097;43.795833333;4.378888888
Tourrettes-sur-Loup;4092;43.716111111;7.06
Cuxac-d'Aude;4061;43.245833333;2.999166666
Montferrier-sur-Lez;4054;43.668611111;3.857222222
Nissan-lez-Enserune;4049;43.288333333;3.128611111
Paulhan;4031;43.540833333;3.458888888
Générac;4025;43.728333333;4.348611111
Montady;4005;43.330555555;3.120833333
Le Revest-les-Eaux;4002;43.176388888;5.926388888
Ganges;3984;43.934166666;3.708333333
Port-Vendres;3969;42.518055555;3.105
Pézilla-la-Rivière;3942;42.695277777;2.770555555
Villeveyrac;3934;43.501111111;3.607222222
Saint-Cézaire-sur-Siagne;3924;43.648888888;6.792777777
La Destrousse;3913;43.376388888;5.606666666
Pujaut;3908;44.004722222;4.774722222
Fleury;3896;43.229444444;3.134444444
Carnoules;3852;43.301944444;6.188611111
Jonquières-Saint-Vincent;3851;43.828055555;4.563333333
Meyrargues;3830;43.635555555;5.528333333
Torreilles;3821;42.755;2.993888888
La Croix-Valmer;3804;43.207777777;6.568055555
Sospel;3803;43.876944444;7.448333333
Beaulieu-sur-Mer;3796;43.706944444;7.331388888
Salernes;3784;43.563333333;6.233888888
Salses-le-Château;3752;42.832777777;2.918888888
Saint-Hippolyte-du-Fort;3747;43.965833333;3.855833333
Propriano;3741;41.675;8.904166666
Prunelli-di-Fiumorbo;3737;42.010555555;9.324722222
Coudoux;3726;43.557777777;5.248333333
Châteauneuf-Grasse;3716;43.675;6.975
Le Vigan;3706;43.992222222;3.605555555
Saint-Vallier-de-Thiey;3667;43.698888888;6.847777777
Peynier;3650;43.446944444;5.641388888
Salindres;3648;44.171388888;4.157777777
Callian;3646;43.622222222;6.753055555
Flassans-sur-Issole;3621;43.368611111;6.221111111
Alénya;3619;42.639722222;2.981666666
Saint-Laurent-d'Aigouze;3613;43.634444444;4.195555555
Gallargues-le-Montueux;3592;43.721111111;4.172777777
Alata;3587;41.976944444;8.743055555
Saint-Tropez;3578;43.269722222;6.638611111
Canet;3570;43.601666666;3.490555555
Sartène;3570;41.620833333;8.973611111
Amélie-les-Bains-Palalda;3565;42.475277777;2.671944444
Plan-d'Orgon;3552;43.810833333;5.001388888
Cournonsec;3550;43.548611111;3.704722222
Espira-de-l'Agly;3532;42.776944444;2.835555555
Fontvieille;3521;43.726944444;4.708888888
Saint-Savournin;3501;43.406388888;5.5275
Colomars;3487;43.763611111;7.222222222
Magalas;3478;43.471111111;3.221944444
Boujan-sur-Libron;3452;43.3725;3.248888888
Sorède;3448;42.530555555;2.956666666
Saint-Julien-les-Rosiers;3436;44.173888888;4.109166666
Vic-la-Gardiole;3416;43.489722222;3.796666666
Mouriès;3414;43.689166666;4.871111111
Carcès;3405;43.476111111;6.182777777
Saint-André;3400;42.551111111;2.973333333
Bernis;3397;43.765555555;4.286111111
Saint-Andiol;3380;43.835555555;4.944722222
Saint-Brès;3378;43.6675;4.029166666
Penta-di-Casinca;3376;42.4675;9.459722222
Saint-Martin-du-Var;3375;43.822222222;7.192222222
Quissac;3373;43.909444444;4.0
Saint-Ambroix;3361;44.260555555;4.198055555
Grosseto-Prugna;3349;41.871388888;8.963611111
Afa;3336;41.983888888;8.795555555
Aigues-Vives;3331;43.739444444;4.180555555
Baho;3327;42.700277777;2.8225
Lespignan;3325;43.273611111;3.171666666
Anduze;3324;44.053475;3.986572222
Capestang;3318;43.328888888;3.044444444
Lavérune;3312;43.585555555;3.805555555
Mireval;3302;43.507777777;3.800833333
Villelongue-de-la-Salanque;3301;42.727777777;2.984444444
Saint-Just;3282;43.657222222;4.113888888
Sarrola-Carcopino;3278;42.0275;8.842777777
Forcalqueiret;3269;43.336388888;6.080555555
Auribeau-sur-Siagne;3251;43.600833333;6.911111111
Salles-d'Aude;3250;43.238333333;3.119722222
Portiragnes;3247;43.304444444;3.335833333
Bram;3239;43.242777777;2.114722222
Ville-di-Pietrabugno;3232;42.713333333;9.431111111
Saint-Hippolyte;3227;42.784166666;2.966666666
Lignan-sur-Orb;3224;43.383888888;3.170277777
Latour-Bas-Elne;3221;42.606111111;3.0025
L'Île-Rousse;3220;42.635;8.9375
Quillan;3212;42.875277777;2.181944444
Vescovato;3212;42.494166666;9.44
Bonifacio;3200;41.388055555;9.160555555
Saint-Paul-de-Vence;3183;43.696388888;7.122222222
Palau-del-Vidre;3135;42.572777777;2.961388888
Montfrin;3129;43.875833333;4.593333333
Saint-Geniès-de-Malgoirès;3120;43.945555555;4.216666666
Lansargues;3107;43.651388888;4.073055555
Le Tignet;3105;43.629166666;6.843611111
Besse-sur-Issole;3095;43.348611111;6.176388888
Murviel-lès-Béziers;3077;43.440555555;3.144166666
Quillan;3066;42.875277777;2.181944444
Sallèles-d'Aude;3064;43.259166666;2.945833333
Thézan-lès-Béziers;3062;43.421666666;3.169722222
Signes;3059;43.291388888;5.862777777
Le Plan-de-la-Tour;3055;43.340555555;6.546388888
Saint-Quentin-la-Poterie;3046;44.045277777;4.441111111
Puisserguier;3020;43.367777777;3.040833333
La Turbie;3015;43.745555555;7.400833333
Barjols;3006;43.558055555;6.0075
Saint-Laurent-des-Arbres;2981;44.054722222;4.699722222
La Motte;2968;43.493888888;6.535277777
Saint-Thibéry;2963;43.396666666;3.416666666
Aubais;2958;43.755;4.147777777
Le Bar-sur-Loup;2947;43.701388888;6.988888888
Aniane;2943;43.685277777;3.585833333
San-Martino-di-Lota;2936;42.723055555;9.455277777
Montbazin;2928;43.515833333;3.696111111
Néoules;2925;43.311111111;6.012777777
Ponteilla;2922;42.626388888;2.814444444
Saint-Féliu-d'Avall;2918;42.681388888;2.738611111
Saint-Génis-des-Fontaines;2911;42.541666666;2.921944444
Bagnols-en-Forêt;2909;43.537777777;6.698333333
Mudaison;2894;43.646388888;4.039444444
Saint-Drézéry;2882;43.733333333;3.982222222
Tourrettes;2873;43.623333333;6.702222222
Montblanc;2854;43.396388888;3.367222222
Sussargues;2824;43.711666666;4.002222222
Rodilhan;2821;43.826666666;4.433611111
Pennautier;2795;43.245833333;2.318333333
Arles-sur-Tech;2794;42.456944444;2.633888888
Les Adrets-de-l'Estérel;2793;43.525555555;6.814166666
Saint-Nazaire;2785;42.6675;2.991944444
Alleins;2764;43.703888888;5.161666666
Seillans;2763;43.636111111;6.643333333
Maureillas-las-Illas;2762;42.490277777;2.810277777
Saint-Martin-de-Londres;2759;43.790833333;3.731666666
Zonza;2748;41.749444444;9.170555555
Maillane;2738;43.832777777;4.781944444
Vendres;2736;43.269444444;3.224166666
Baixas;2727;42.75;2.809166666
Fourques;2719;43.693055555;4.610555555
Balaruc-le-Vieux;2719;43.460277777;3.684722222
Orgon;2698;43.791388888;5.038888888
Bessèges;2695;44.291666666;4.100555555
Vinassan;2671;43.203611111;3.073888888
Colombiers;2668;43.313055555;3.140555555
Mollégès;2666;43.805833333;4.949444444
Gassin;2655;43.228611111;6.585277777
Vailhauquès;2647;43.672222222;3.717777777
Caux;2640;43.507222222;3.368888888
Bras;2632;43.471944444;5.953611111
Charleval;2628;43.718611111;5.245555555
Seillons-Source-d'Argens;2617;43.496388888;5.883611111
Le Thoronet;2613;43.451944444;6.303888888
Figanières;2610;43.568611111;6.497222222
Palaja;2594;43.172777777;2.385277777
Boisset-et-Gaujac;2591;44.049444444;4.019722222
Bagard;2577;44.073055555;4.050833333
Conques-sur-Orbiel;2575;43.27;2.401666666
Meynes;2572;43.8825;4.561111111
Calenzana;2566;42.508055555;8.855277777
L'Escarène;2563;43.834444444;7.356666666
Corneilla-del-Vercol;2561;42.624166666;2.951388888
Ventiseri;2556;41.9175;9.383611111
Ouveillan;2554;43.288611111;2.971388888
Cers;2535;43.323055555;3.304722222
Solliès-Ville;2529;43.182222222;6.038333333
Le Cailar;2517;43.675833333;4.236111111
Collioure;2517;42.525555555;3.080833333
La Calmette;2516;43.923888888;4.264166666
Saint-Étienne-du-Grès;2486;43.780555555;4.725277777
Régusse;2483;43.655277777;6.131944444
Saint-Jean-du-Gard;2480;44.104722222;3.886111111
Codognan;2458;43.731666666;4.219722222
Les Salles-du-Gardon;2455;44.206944444;4.034722222
Lamalou-les-Bains;2454;43.5975;3.079722222
Évenos;2407;43.17;5.83
Belgentier;2399;43.245277777;5.999722222
Maussane-les-Alpilles;2396;43.721666666;4.803888888
Saint-Julien;2394;43.693888888;5.915277777
Opio;2393;43.668333333;6.981666666
Saint-Pargoire;2378;43.527777777;3.518888888
Maureilhan;2376;43.357222222;3.12
Cessenon-sur-Orb;2373;43.45;3.051388888
Châteauneuf-le-Rouge;2357;43.489722222;5.569722222
Le Tholonet;2355;43.521666666;5.511111111
Aubord;2339;43.756944444;4.312222222
Plan-d'Aups-Sainte-Baume;2333;43.33;5.7175
Bezouce;2328;43.881388888;4.49
Aups;2317;43.628333333;6.224722222
Restinclières;2302;43.723611111;4.038888888
Aspremont;2300;43.783333333;7.244166666
Peille;2287;43.8025;7.401666666
Bassan;2287;43.411111111;3.253611111
Langlade;2265;43.8057;4.24621
Remoulins;2260;43.939444444;4.563888888
Roujan;2260;43.504722222;3.310555555
Saint-Jean-Pla-de-Corts;2258;42.511111111;2.792222222
Trouillas;2257;42.611388888;2.808333333
Méounes-lès-Montrieux;2243;43.281111111;5.97
Laroque-des-Albères;2219;42.523055555;2.931944444
Beaulieu;2213;43.728055555;4.021388888
Aléria;2211;42.114166666;9.513055555
Breil-sur-Roya;2206;43.937222222;7.514444444
Saint-Victor-la-Coste;2205;44.061944444;4.642222222
Cadolive;2202;43.395277777;5.548333333
Paradou;2200;43.721111111;4.788055555
Loupian;2195;43.45;3.613888888
La Roquebrussanne;2192;43.340277777;5.976388888
Èze;2189;43.727777777;7.361111111
Cervione;2172;42.331666666;9.491666666
Théza;2171;42.638055555;2.952777777
Entre-Vignes;2160;43.728611111;4.080555555
Vinça;2156;42.645;2.528611111
Boisseron;2153;43.759722222;4.081111111
Pomérols;2148;43.390833333;3.498611111
Argeliers;2142;43.311666666;2.910277777
Llupia;2140;42.621111111;2.769166666
Cotignac;2136;43.528611111;6.149444444
Vernègues;2123;43.685833333;5.171388888
Les Saintes-Maries-de-la-Mer;2120;43.451666666;4.428055555
Sainte-Anastasie-sur-Issole;2117;43.3425;6.124722222
Falicon;2111;43.748888888;7.279722222
Nages-et-Solorgues;2107;43.790833333;4.23
Valergues;2107;43.6675;4.061666666
Candillargues;2107;43.62;4.068055555
Saze;2104;43.941666666;4.681388888
Le Pouget;2099;43.592222222;3.524722222
Les Mages;2095;44.228055555;4.165833333
Saint-Nazaire-d'Aude;2091;43.244166666;2.894166666
Estagel;2087;42.772222222;2.698888888
Saint-Geniès-des-Mourgues;2077;43.696944444;4.035277777
Moussan;2066;43.231388888;2.950277777
Ribaute-les-Tavernes;2057;44.037777777;4.080833333
Montréal;2048;43.2;2.140833333
Les Matelles;2047;43.730555555;3.808888888
Lamanon;2046;43.701944444;5.086388888
Peri;2040;42.004166666;8.920833333
San-Nicolao;2033;42.375;9.525
Tavel;2031;44.011388888;4.7
Cuttoli-Corticchiato;2030;41.988611111;8.906388888
Sauveterre;2029;44.025833333;4.793055555
Monticello;2029;42.617222222;8.953888888
Saint-Marcel-sur-Aude;2027;43.243888888;2.9225
Corneilla-la-Rivière;2022;42.6975;2.730277777
Tende;2021;44.087777777;7.593611111
Callas;2015;43.593055555;6.538333333
Saint-Geniès-de-Comolas;2010;44.065833333;4.721944444
Saint-Chaptes;2004;43.970833333;4.279166666
Pinet;2004;43.404722222;3.509444444
Saint-Gervasy;1994;43.8775;4.468611111
Ginasservis;1983;43.670833333;5.849166666
Rieux-Minervois;1975;43.281944444;2.5875
Pietrosella;1968;41.836666666;8.846111111
Santa-Maria-di-Lota;1965;42.742777777;9.456666666
Ramatuelle;1963;43.215833333;6.611388888
Cabasse;1951;43.426111111;6.221944444
Belcodène;1948;43.426388888;5.589166666
Lecci;1939;41.679166666;9.3175
Murviel-lès-Montpellier;1930;43.604444444;3.736666666
Sauve;1925;43.9425;3.948611111
Saint-Bauzille-de-Putois;1911;43.895277777;3.736388888
Combaillaux;1909;43.677222222;3.766388888
Camps-la-Source;1901;43.386388888;6.094444444
Saint-Paulet-de-Caisson;1858;44.263333333;4.597222222
Villelongue-dels-Monts;1858;42.525277777;2.903611111
Taradeau;1854;43.454166666;6.427222222
Amélie-les-Bains;1847;42.4761;2.6725
Villevieille;1841;43.788611111;4.096388888
Collobrières;1839;43.237222222;6.308888888
Vézénobres;1836;44.053055555;4.136388888
Canet;1833;43.228611111;2.847222222
La Garde-Freinet;1831;43.316944444;6.469166666
Tourbes;1829;43.445555555;3.378611111
Abeilhan;1818;43.449722222;3.294722222
Roquebillière;1815;44.011111111;7.306944444
Puget-Théniers;1813;43.956111111;6.893611111
Venzolasca;1808;42.483888888;9.456666666
Tresques;1803;44.106666666;4.586944444
Oletta;1801;42.6325;9.355555555
Ortaffa;1798;42.58;2.925
Sernhac;1794;43.911388888;4.551944444
Quarante;1791;43.346666666;2.9625
La Palme;1784;42.974722222;2.993055555
Puyloubier;1783;43.525;5.676944444
Saussan;1783;43.571388888;3.774444444
Font-Romeu-Odeillo-Via;1780;42.497777777;2.033888888
Albitreccia;1775;41.862777777;8.941944444
Laurens;1774;43.523055555;3.197222222
Vers-Pont-du-Gard;1773;43.968611111;4.524444444
Appietto;1773;42.013888888;8.768055555
Bizanet;1767;43.164166666;2.869722222
Mons;1765;44.114722222;4.174166666
Nézignan-l'Évêque;1762;43.421111111;3.406388888
Saint-Paul-en-Forêt;1760;43.567222222;6.691944444
Alignan-du-Vent;1757;43.469722222;3.341944444
Saint-Paul-de-Fenouillet;1757;42.810277777;2.505277777
Cabrières;1746;43.904722222;4.471666666
Sainte-Anastasie;1742;43.935277777;4.321666666
Saint-Jean-de-Fos;1741;43.700833333;3.550833333
Saint-Chinian;1740;43.421944444;2.946944444
Saint-Pons-de-Thomières;1735;43.488611111;2.760277777
Fons;1734;43.907777777;4.194444444
Eygalières;1733;43.760833333;4.95
Comps;1720;43.852777777;4.606111111
Sotta;1711;41.545277777;9.195
Espéraza;1703;42.935277777;2.220555555
Connaux;1698;44.091111111;4.593888888
Tanneron;1697;43.590555555;6.875555555
Claret;1695;43.861944444;3.904722222
Peyrestortes;1690;42.754166666;2.851666666
Saint-Florent;1689;42.680833333;9.3025
Castagniers;1687;43.791388888;7.231666666
Olonzac;1687;43.283888888;2.730833333
Rougiers;1686;43.3925;5.851111111
Saint-Geniès-de-Fontedit;1682;43.468333333;3.178888888
Castillon-du-Gard;1676;43.97;4.554722222
Aspiran;1676;43.565833333;3.449444444
Villegailhenc;1671;43.268888888;2.354444444
Corneilhan;1663;43.4;3.1925
Blausasc;1659;43.804722222;7.365277777
Lédenon;1658;43.915277777;4.509166666
Montferrat;1655;43.611666666;6.481111111
Laroque;1655;43.922777777;3.724444444
La Verdière;1651;43.638611111;5.935833333
Figari;1651;41.488055555;9.129444444
Congénies;1645;43.778333333;4.16
Valros;1645;43.420277777;3.366388888
Cazilhac;1643;43.183055555;2.363611111
Saint-Mamert-du-Gard;1629;43.8875;4.188611111
Villetelle;1628;43.733888888;4.14
Cendras;1626;44.155277777;4.053611111
Bouzigues;1626;43.448055555;3.658055555
Montescot;1612;42.608055555;2.933888888
Barjac;1611;44.308055555;4.348055555
Gilette;1608;43.849444444;7.163611111
Sabran;1600;44.166666666;4.575
Pezens;1598;43.254444444;2.265277777
Alzonne;1595;43.253888888;2.176666666
La Celle;1592;43.394166666;6.040555555
Le Bousquet-d'Orb;1584;43.692777777;3.166388888
Caunes-Minervois;1581;43.326666666;2.528333333
Brouilla;1581;42.566666666;2.903611111
Brando;1580;42.775;9.475277777
Cornillon-Confoux;1571;43.5625;5.071666666
Saint-Jean-Lasseille;1570;42.581111111;2.866388888
Lézignan-la-Cèbe;1568;43.493055555;3.437222222
Pourcieux;1567;43.470277777;5.786388888
Cazilhac;1566;43.923611111;3.701666666
Moussac;1563;43.981111111;4.229444444
Lézan;1557;44.013055555;4.050555555
Ginestas;1547;43.268055555;2.871666666
Plaissan;1545;43.558055555;3.525833333
Saint-Jean-du-Pin;1544;44.116666666;4.050555555
Mus;1542;43.739722222;4.201111111
Aureille;1541;43.708055555;4.946388888
Lavalette;1532;43.185277777;2.265833333
Gorbio;1527;43.786666666;7.445
Hérépian;1525;43.593333333;3.115277777
Santa-Lucia-di-Moriani;1523;42.385555555;9.529722222
Boulbon;1519;43.8625;4.693611111
Montfaucon;1517;44.074444444;4.754444444
Nébian;1512;43.606388888;3.431944444
Lédignan;1502;43.988611111;4.106388888
Villecroze;1494;43.582222222;6.276388888
Armissan;1488;43.187222222;3.096666666
Cauro;1481;41.916944444;8.913888888
Montredon-des-Corbières;1480;43.191388888;2.925833333
La Môle;1479;43.208333333;6.465555555
Saint-Jean-Cap-Ferrat;1471;43.687777777;7.334166666
Saint-Julien-de-Peyrolas;1470;44.288055555;4.565277777
Capendu;1470;43.183888888;2.559444444
Montfort-sur-Argens;1466;43.473888888;6.121944444
Assas;1455;43.701944444;3.899166666
Peillon;1445;43.768611111;7.367222222
Vernet-les-Bains;1445;42.548888888;2.387777777
Brue-Auriac;1436;43.5275;5.944444444
Sari-Solenzara;1429;41.857222222;9.399166666
Tavernes;1428;43.593611111;6.016666666
Le Broc;1422;43.809444444;7.17
Val-d'Aigoual;1418;44.081666666;3.6425
Lieuran-lès-Béziers;1411;43.418333333;3.237222222
Bargemon;1401;43.62;6.550277777
Montpezat;1394;43.851666666;4.157222222
Cabris;1393;43.656111111;6.873611111
Villeneuve-la-Comptal;1391;43.286944444;1.921388888
Montaren-et-Saint-Médiers;1388;44.03;4.379722222
Montpeyroux;1386;43.695277777;3.506388888
Saint-Martin-Vésubie;1385;44.068333333;7.255833333
Saint-André-de-Roquelongue;1385;43.113888888;2.836944444
Ceyras;1382;43.644166666;3.458333333
Saint-Christol;1380;43.727777777;4.079722222
Vallabrègues;1376;43.853055555;4.6275
Le Bosc;1376;43.707222222;3.395555555
Osséja;1372;42.416111111;1.980833333
Creissan;1371;43.375;3.010833333
Saint-Blaise;1367;43.821666666;7.2375
Villeneuve-la-Rivière;1366;42.693611111;2.803611111
Alairac;1364;43.184166666;2.240555555
Palalda;1363;42.484;2.6746
Théoule-sur-Mer;1362;43.506944444;6.94
Eccica-Suarella;1357;41.922777777;8.906388888
Sainte-Agnès;1351;43.789166666;7.469166666
Puissalicon;1350;43.457777777;3.235833333
Néfiach;1343;42.693888888;2.666944444
Vestric-et-Candiac;1342;43.74;4.259166666
Saint-Paul-et-Valmalle;1342;43.626388888;3.674722222
Belpech;1342;43.197777777;1.751388888
Saint-Étienne-de-Tinée;1341;44.256944444;6.924722222
La Tour-sur-Orb;1324;43.653333333;3.148888888
Adissan;1324;43.535277777;3.428333333
Ria-Sirach;1324;42.608333333;2.399722222
Villemolaque;1323;42.588055555;2.839722222
Fourques;1316;42.581944444;2.779722222
Branoux-les-Taillades;1315;44.220277777;3.990277777
Banyuls-dels-Aspres;1310;42.565833333;2.867222222
Portel-des-Corbières;1305;43.054444444;2.921944444
Marcorignan;1303;43.225555555;2.921388888
Sumène;1291;43.980833333;3.715555555
Cantaron;1285;43.761666666;7.318611111
Saint-Nazaire;1281;44.197777777;4.624722222
Névian;1280;43.211944444;2.903055555
Montesquieu-des-Albères;1273;42.517222222;2.881666666
Labastide-d'Anjou;1271;43.346388888;1.851666666
Ferrals-les-Corbières;1267;43.146944444;2.7275
Lucéram;1264;43.8825;7.360555555
Vénéjan;1264;44.196944444;4.6575
Bize-Minervois;1258;43.318611111;2.871111111
Fabrezan;1257;43.135555555;2.697222222
Villepinte;1257;43.281388888;2.086388888
Cerbère;1257;42.443333333;3.164722222
La Redorte;1254;43.252222222;2.653055555
Pexiora;1253;43.268055555;2.036666666
Saint-Marc-Jaumegarde;1247;43.5475;5.524166666
Saint-Alexandre;1247;44.227777777;4.621111111
Reynès;1244;42.475277777;2.708333333
Olmeto;1241;41.717222222;8.918333333
Cargèse;1237;42.135277777;8.594722222
Saint-Féliu-d'Amont;1231;42.686666666;2.7225
Blauzac;1228;43.963333333;4.368888888
Berre-les-Alpes;1227;43.830277777;7.328888888
Viols-le-Fort;1226;43.743333333;3.705
Méjannes-lès-Alès;1218;44.0975;4.151944444
Castelnau-de-Guers;1215;43.434722222;3.438611111
Villasavary;1215;43.221111111;2.039166666
Lumio;1214;42.578333333;8.833333333
Villegly;1208;43.286111111;2.44
Bourg-Madame;1204;42.434166666;1.943888888
Santa-Lucia-di-Tallano;1203;41.697777777;9.064166666
Arzens;1202;43.199166666;2.209444444
Opoul-Périllos;1202;42.869722222;2.873611111
Lantosque;1200;43.973333333;7.3125
Molières-sur-Cèze;1197;44.260277777;4.159722222
Puimisson;1196;43.44;3.207222222
Orsan;1194;44.131388888;4.666111111
Pouzolles;1190;43.483333333;3.279166666
Puichéric;1190;43.223888888;2.624444444
Saint-Florent-sur-Auzonnet;1188;44.242222222;4.111388888
Junas;1178;43.769722222;4.122777777
Saint-Bauzille-de-Montmel;1178;43.769444444;3.955277777
Spéracèdes;1176;43.648611111;6.858611111
Saillagouse;1173;42.46;2.039722222
Peyriac-de-Mer;1167;43.087222222;2.957777777
Varages;1164;43.5975;5.96
Espondeilhan;1162;43.44;3.2625
Sisco;1162;42.816111111;9.43
Peyriac-Minervois;1160;43.291388888;2.5675
Conca;1159;41.735;9.333333333
Tresserre;1155;42.562777777;2.83
Vendémian;1151;43.581666666;3.561111111
Saint-Félix-de-Lodez;1149;43.662222222;3.459166666
Luc-sur-Orbieu;1146;43.176666666;2.785833333
Chalabre;1144;42.983888888;2.006388888
Prats-de-Mollo-la-Preste;1134;42.403888888;2.479166666
Azille;1132;43.278333333;2.659166666
Lasalle;1129;44.046388888;3.852222222
Entrecasteaux;1127;43.515833333;6.241944444
Couiza;1127;42.942777777;2.256111111
Fitou;1122;42.893611111;2.978611111
La Salvetat-sur-Agout;1121;43.600833333;2.703333333
San-Gavino-di-Carbini;1120;41.721666666;9.147777777
Goudargues;1116;44.215555555;4.465833333
Saint-Siffret;1115;44.017222222;4.466111111
Saint-Martin-Lalande;1113;43.299444444;2.019444444
Saint-Hilaire-d'Ozilhan;1111;43.970277777;4.591944444
Linguizzetta;1103;42.263888888;9.473055555
Ornaisons;1102;43.180833333;2.8375
Péret;1100;43.575;3.397222222
Pépieux;1098;43.297777777;2.679166666
Corbère-les-Cabanes;1098;42.658055555;2.675833333
Laval-Pradel;1096;44.231666666;4.058888888
Gagnières;1089;44.306666666;4.129444444
Castellar;1087;43.803611111;7.496666666
Saint-Dionisy;1085;43.804722222;4.228611111
Valleraugue;1077;44.081111111;3.641944444
Gaujac;1065;44.078888888;4.578333333
Fournès;1064;43.928888888;4.601388888
Collias;1064;43.953888888;4.476944444
Avèze;1063;43.971388888;3.600277777
Théziers;1053;43.899166666;4.620833333
Fontès;1053;43.539722222;3.379166666
Arpaillargues-et-Aureillac;1046;44.000555555;4.3725
Latour-de-France;1043;42.768611111;2.653055555
Vauvenargues;1041;43.555277777;5.602777777
Passa;1039;42.578333333;2.811388888
Saint-Paul-les-Fonts;1038;44.082222222;4.614166666
La Boissière;1038;43.663888888;3.645
Montaud;1033;43.751111111;3.955555555
Saint-Laurent-de-Cerdans;1027;42.385555555;2.613333333
Neffiès;1023;43.533611111;3.33
Roquefort-des-Corbières;1021;42.990833333;2.953333333
Saturargues;1018;43.7225;4.113611111
Santa-Reparata-di-Balagna;1004;42.603611111;8.928333333
Allègre-les-Fumades;1003;44.184722222;4.233888888
Caux-et-Sauzens;1001;43.225555555;2.255555555
Boucoiran-et-Nozières;1000;43.995277777;4.185555555
Laure-Minervois;1000;43.271388888;2.520277777
Moussoulens;996;43.279444444;2.229444444
Cavanac;986;43.168333333;2.326666666
Saussines;985;43.763333333;4.057222222
Péone;979;44.1175;6.908333333
Los Masos;976;42.621666666;2.461944444
Saint-Sériès;973;43.731666666;4.105277777
Villeneuve-Minervois;973;43.314722222;2.462222222
Châteauneuf-Villevieille;971;43.808333333;7.296388888
Chusclan;971;44.149166666;4.683055555
Argelliers;970;43.6975;3.673888888
Cases-de-Pène;969;42.779166666;2.787222222
Vico;968;42.166388888;8.798888888
Brignac;965;43.623333333;3.473055555
Villalier;964;43.257222222;2.412777777
Morosaglia;963;42.435277777;9.3
Pieusse;962;43.079722222;2.2325
Pouzols;957;43.618333333;3.512777777
Domazan;956;43.929722222;4.651111111
Ventenac-Cabardès;956;43.266666666;2.284444444
Sainte-Croix-de-Quintillargues;955;43.7725;3.909166666
Bouleternère;955;42.649722222;2.586666666
Le Poujol-sur-Orb;954;43.579722222;3.060833333
Pomas;954;43.111666666;2.292222222
Cruzy;953;43.355833333;2.940555555
Bendejun;950;43.835555555;7.295
Tornac;947;44.022777777;3.996666666
La Roquette-sur-Var;945;43.828055555;7.198888888
Soubès;943;43.766666666;3.346111111
Autignac;942;43.498888888;3.169166666
Berriac;936;43.216666666;2.413611111
Cuxac-Cabardès;935;43.370833333;2.283333333
Mas-Saintes-Puelles;933;43.313055555;1.876666666
Vins-sur-Caramy;930;43.434166666;6.141944444
Pompignan;929;43.893888888;3.856111111
Cruscades;925;43.191111111;2.816666666
Cornillon;922;44.218055555;4.486388888
Saint-Bauzille-de-la-Sylve;922;43.616944444;3.546111111
Corbara;922;42.614444444;8.906666666
Lirac;920;44.036111111;4.69
Saissac;918;43.360833333;2.168611111
Cardet;910;44.026666666;4.080277777
Souvignargues;908;43.813888888;4.1225
Molières-Cavaillac;908;43.975277777;3.576111111
Conilhac-Corbières;900;43.188611111;2.715833333
Ampus;899;43.606666666;6.381944444
Correns;897;43.4875;6.079444444
Sorbo-Ocagnano;892;42.475555555;9.456944444
Caves;888;42.931111111;2.976388888
Saint-Paul-lès-Durance;887;43.686666666;5.707777777
Chamborigaud;887;44.301388888;3.977777777
Villesèquelande;887;43.2375;2.231388888
Tautavel;877;42.814166666;2.746388888
Patrimonio;877;42.6975;9.361944444
Mazaugues;875;43.3475;5.921944444
Saint-Marcel-de-Careiret;875;44.143055555;4.487777777
Fanjeaux;872;43.186944444;2.033611111
Viggianello;872;41.680833333;8.951944444
Malves-en-Minervois;871;43.252222222;2.440555555
Moulès-et-Baucels;853;43.947777777;3.732777777
Luri;853;42.896666666;9.405277777
Saint-Jean-de-Maruéjols-et-Avéjan;852;44.257222222;4.293333333
Pianottoli-Caldarello;851;41.494166666;9.056111111
La Barben;850;43.63;5.176388888
Saint-Papoul;849;43.331111111;2.036111111
Cavillargues;846;44.114722222;4.521944444
Belvèze-du-Razès;846;43.125;2.095
Utelle;844;43.919166666;7.264166666
Gabian;843;43.513611111;3.272777777
Saint-Gervais-sur-Mare;843;43.651944444;3.04
Mons;837;43.691388888;6.714166666
Robiac-Rochessadoule;837;44.278888888;4.086388888
Leuc;837;43.146666666;2.323333333
Saint-Victor-de-Malcap;836;44.247222222;4.221111111
Valdeblore;835;44.070833333;7.171111111
Saint-Bonnet-du-Gard;833;43.926944444;4.545277777
Montolieu;828;43.309166666;2.215277777
Talasani;827;42.408055555;9.48
Génolhac;822;44.349722222;3.949444444
Coaraze;817;43.864166666;7.295
Sanilhac-Sagriès;813;43.955;4.424444444
Saint-Jean-de-Cornies;809;43.744166666;4.001111111
Bolquère;808;42.503055555;2.0775
Lasbordes;803;43.294722222;2.045833333
Sauzet;802;43.961388888;4.210555555
Saint-Côme-et-Maruéjols;795;43.828055555;4.2025
Saint-Maximin;794;43.993888888;4.450833333
Saint-Gervais;792;44.184722222;4.573888888
Santa-Maria-Poggio;792;42.339722222;9.539444444
Verquières;790;43.84;4.918333333
Barbaira;789;43.185;2.512222222
Tuchan;788;42.888333333;2.719444444
Meyrannes;787;44.270833333;4.167777777
Maury;785;42.811666666;2.593888888
Valflaunès;784;43.800555555;3.871944444
Terrats;782;42.608888888;2.771388888
Villars-sur-Var;781;43.937222222;7.097222222
Carsan;780;44.237777777;4.593611111
Aujargues;779;43.789722222;4.123055555
Bages;779;43.123333333;2.991111111
Corbère;778;42.653055555;2.660833333
Douzens;776;43.185833333;2.597222222
Monoblet;774;44.000555555;3.886388888
Sillans-la-Cascade;773;43.567777777;6.179722222
Aigremont;773;43.965833333;4.1225
Coggia;765;42.123055555;8.748888888
San-Giuliano;764;42.314444444;9.491111111
Poggio-Mezzana;761;42.400277777;9.490833333
Le Martinet;759;44.253055555;4.085
Saint-Maurice-de-Cazevieille;758;44.031944444;4.232777777
Galargues;756;43.770555555;4.021388888
Domessargues;755;43.976666666;4.168888888
Durfort-et-Saint-Martin-de-Sossenac;753;43.990555555;3.955277777
Saint-Vincent-de-Barbeyrargues;753;43.706111111;3.877222222
Ners;751;44.026111111;4.158888888
Mirepeisset;749;43.285277777;2.896666666
Garrigues-Sainte-Eulalie;748;43.993333333;4.315
Vérargues;748;43.716111111;4.099722222
Siran;746;43.313333333;2.661111111
Saint-Laurent-de-la-Cabrerisse;746;43.085277777;2.700555555
Saint-Antonin-du-Var;745;43.506666666;6.286944444
Pouzilhac;744;44.041111111;4.58
Pontevès;743;43.553611111;6.029444444
Catllar;743;42.633611111;2.422222222
Vacquières;741;43.843888888;3.944444444
Brignon;738;43.988611111;4.213888888
Badens;738;43.218888888;2.508888888
Margon;736;43.486944444;3.306944444
Val-de-Dagne;734;43.130555555;2.558611111
Salles-sur-l'Hers;733;43.294166666;1.785277777
Méjannes-le-Clap;732;44.225277777;4.346944444
Solaro;732;41.903888888;9.326388888
Boutenac;731;43.1475;2.790555555
Gajan;727;43.896944444;4.214722222
Saint-Julien-de-Cassagnas;726;44.211666666;4.198055555
Coti-Chiavari;725;41.7725;8.771111111
Campagnan;724;43.537222222;3.498055555
Riols;721;43.505;2.791944444
Combas;720;43.854722222;4.113333333
La Brigue;719;44.0625;7.616388888
Claviers;719;43.601111111;6.563888888
Touët-sur-Var;717;43.9475;7.006388888
Bonson;716;43.862777777;7.19
Moltifao;714;42.486666666;9.114166666
Saint-Hilaire;713;43.093055555;2.309722222
Moux;711;43.180555555;2.651944444
Cruviers-Lascours;708;44.003888888;4.204444444
Belgodère;707;42.585555555;9.017777777
Castellare-di-Casinca;706;42.467777777;9.473333333
Rigarda;703;42.628333333;2.5325
Paraza;701;43.249722222;2.831944444
Marseillette;700;43.202777777;2.542222222
Err;699;42.44;2.033333333
Générargues;696;44.081944444;3.983611111
La Cabanasse;696;42.501111111;2.115
Saint-Michel-d'Euzet;691;44.201388888;4.544166666
Saint-Laurent-la-Vernède;689;44.105;4.458055555
Fontanès;685;43.829722222;4.0875
Cournanel;685;43.033055555;2.234166666
Parignargues;684;43.873333333;4.208055555
Tressan;684;43.574444444;3.49
Rodès;677;42.657222222;2.561944444
Brouzet-lès-Alès;676;44.1375;4.246388888
Saint-Jean-de-la-Blaquière;675;43.715;3.422777777
Levie;675;41.703888888;9.123055555
Clans;673;43.995;7.147777777
Lunas;670;43.7075;3.194166666
Massillargues-Attuech;669;44.015;4.024166666
Collorgues;669;44.004722222;4.291388888
Mas-de-Londres;669;43.781388888;3.7525
Saint-Bauzély;668;43.919722222;4.196944444
Bélarga;668;43.5525;3.486944444
Saint-Brès;666;44.277222222;4.1975
Bréau-Mars;666;43.9906;3.5717
Venaco;666;42.2325;9.173055555
Nizas;665;43.513055555;3.407777777
Mons;663;43.571388888;2.955555555
Le Triadou;663;43.739722222;3.851944444
Monteils;662;44.089166666;4.181388888
Isola;653;44.185833333;7.052222222
Pietracorbara;653;42.846388888;9.429722222
Deaux;650;44.067777777;4.150277777
Moulézan;648;43.929444444;4.126388888
Durban-Corbières;648;42.995833333;2.816944444
Rayol-Canadel-sur-Mer;644;43.158611111;6.461666666
Andon;640;43.773055555;6.786388888
Ollières;639;43.482777777;5.829722222
Puilacher;638;43.5675;3.506944444
Montferrand;636;43.364166666;1.819444444
Serra-di-Ferro;636;41.729722222;8.798888888
La Rouvière;635;43.931111111;4.235277777
Saint-Pons-de-Mauchiens;635;43.513333333;3.514166666
Cébazan;634;43.403611111;2.974444444
Preixan;633;43.146111111;2.288888888
Valliguières;632;44.007222222;4.579166666
Ocana;630;41.959444444;8.934444444
Monte;630;42.468611111;9.391388888
Les Mayons;629;43.312777777;6.358055555
Serviers-et-Labaume;629;44.0375;4.355277777
Cazedarnes;628;43.424444444;3.028333333
Montséret;628;43.102777777;2.810833333
Belvédère;627;44.014722222;7.321111111
Lauret;627;43.835555555;3.886388888
La Bollène-Vésubie;626;43.989722222;7.330833333
Mialet;626;44.110833333;3.943055555
Enveitg;626;42.46;1.914722222
Causses-et-Veyran;625;43.474444444;3.086388888
Corconne;621;43.871944444;3.939444444
Vero;617;42.063055555;8.9325
Courniou;616;43.473611111;2.711666666
Escragnolles;615;43.730833333;6.783333333
Lauraguel;615;43.098611111;2.174722222
Saint-Nazaire-de-Pézan;613;43.643333333;4.118888888
Cépie;609;43.104722222;2.244722222
Les Aires;608;43.581388888;3.103888888
Campagne-sur-Aude;608;42.916666666;2.206944444
Beaurecueil;607;43.510555555;5.544444444
Estézargues;605;43.940277777;4.636944444
Codolet;604;44.126111111;4.702222222
Roquebrun;604;43.500555555;3.030555555
Trausse;603;43.311944444;2.561666666
Saint-André-de-Majencoules;602;44.028333333;3.673888888
Homps;600;43.2675;2.721111111
Omessa;600;42.37;9.199444444
Saint-Jean-de-Valériscle;599;44.233055555;4.142222222
Brissac;599;43.878888888;3.701944444
Verfeuil;597;44.169166666;4.446666666
Taglio-Isolaccio;595;42.428333333;9.480555555
Aregno;595;42.581111111;8.894444444
Pailhès;592;43.430555555;3.186944444
Saint-André-de-Roquepertuis;591;44.240555555;4.456111111
Boissières;590;43.774444444;4.232777777
Caudiès-de-Fenouillèdes;589;42.811666666;2.375555555
Pouzols-Minervois;587;43.287222222;2.825
Tourtour;585;43.589444444;6.3025
Guillaumes;584;44.090555555;6.853611111
Cannes-et-Clairan;584;43.900555555;4.084166666
Val-du-Faby;582;42.9392;2.1931
Mailhac;581;43.303888888;2.8275
Ventenac-en-Minervois;581;43.248611111;2.859444444
Gréolières;580;43.795833333;6.943611111
Montmeyan;574;43.646666666;6.063055555
Graissessac;574;43.680555555;3.0925
Marquixanes;573;42.641666666;2.485555555
Vic-le-Fesq;571;43.869444444;4.0825
Fendeille;568;43.269722222;1.943888888
Antisanti;568;42.167222222;9.346111111
Fontcouverte;567;43.168055555;2.688611111
Murato;567;42.577222222;9.326111111
Aurons;564;43.665;5.157777777
Montignargues;563;43.931111111;4.198611111
Petreto-Bicchisano;562;41.783333333;8.980277777
Roquestéron;561;43.873611111;7.004444444
Montlaur;561;43.129444444;2.557777777
Thézan-des-Corbières;560;43.103611111;2.771111111
Le Perthus;560;42.464166666;2.862777777
Jonquières;558;43.675277777;3.475833333
Aumelas;557;43.602777777;3.598611111
Faugères;554;43.565555555;3.189166666
Couffoulens;554;43.155277777;2.306388888
Fontiès-d'Aude;554;43.186944444;2.454166666
Angoustrine-Villeneuve-des-Escaldes;554;42.477777777;1.952777777
Monacia-d'Aullène;554;41.513333333;9.011666666
Beuil;553;44.095;6.9875
Salinelles;553;43.81;4.068055555
Cabrières;551;43.576944444;3.3625
Sainte-Cécile-d'Andorge;550;44.251944444;3.976111111
Olargues;550;43.556388888;2.914722222
Vingrau;549;42.848055555;2.778333333
Saint-Théodorit;548;43.941388888;4.0825
Villedaigne;548;43.215277777;2.860555555
Montazels;547;42.945;2.246111111
Roullens;545;43.165277777;2.2725
Sainte-Eulalie;544;43.246944444;2.210833333
Bouyon;543;43.824444444;7.123055555
Aigues-Vives;543;43.230833333;2.533333333
Olmeta-di-Tuda;543;42.611388888;9.353888888
Aspères;542;43.808333333;4.039444444
Lagrasse;541;43.090833333;2.620555555
Rogliano;540;42.956111111;9.418333333
La Tour;539;43.946944444;7.184166666
Saint-Étienne-des-Sorts;539;44.187222222;4.706111111
Les Angles;539;42.577777777;2.074444444
Magrie;538;43.028333333;2.2
Valle-di-Mezzana;538;42.025555555;8.825
Dions;537;43.931388888;4.296944444
Séranon;535;43.774166666;6.701666666
Poilhes;535;43.3075;3.077222222
La Digne-d'Aval;531;43.046111111;2.18
Corneilla-de-Conflent;531;42.566388888;2.380555555
Aigaliers;530;44.059444444;4.320277777
Saint-Jean-de-Serres;529;43.993333333;4.07
Sainte-Valière;529;43.2725;2.841666666
Coursegoules;526;43.793333333;7.043888888
Saint-Jean-de-Cuculles;525;43.7525;3.834444444
Carnas;523;43.831111111;3.987777777
Paziols;523;42.858055555;2.72
La Livinière;522;43.315833333;2.636388888
Notre-Dame-de-Londres;522;43.826666666;3.776944444
Saint-Étienne-de-Gourgas;522;43.769722222;3.3775
Octon;518;43.654166666;3.302777777
Saint-Laurent-de-Carnols;517;44.212222222;4.530555555
Lussan;517;44.153055555;4.366388888
Saint-Rainier-de-Balagne;514;42.54333333;8.88638889
Mas-Blanc-des-Alpilles;513;43.789166666;4.756944444
Rustiques;512;43.216111111;2.473055555
Roubia;511;43.2475;2.8
Bastelica;511;42.001944444;9.050833333
Saint-Sébastien-d'Aigrefeuille;508;44.106944444;3.994444444
Calcatoggio;507;42.028333333;8.767222222
Villardonnel;505;43.335555555;2.311388888
Puéchabon;504;43.714444444;3.617777777
Castello-di-Rostino;504;42.463611111;9.315
Ucciani;502;42.044444444;8.978611111
Aumes;501;43.466111111;3.463055555
Pietralba;500;42.546388888;9.185833333
Saint-Denis;498;43.36;2.220833333
Axat;497;42.803611111;2.235277777
Castelnau-d'Aude;497;43.230833333;2.675555555
Formiguères;496;42.614444444;2.101666666
Valderoure;495;43.796666666;6.710277777
Félines-Minervois;494;43.329444444;2.600555555
Prémian;493;43.524166666;2.830555555
Guzargues;492;43.7225;3.925
Ota;491;42.258055555;8.743611111
Tourouzelle;489;43.253333333;2.721666666
Montmirat;487;43.900833333;4.103611111
Fox-Amphoux;486;43.596944444;6.092777777
Sournia;486;42.727777777;2.442222222
Castelnau-Valence;485;44.008888888;4.251944444
Saint-Pons-la-Calm;484;44.1025;4.556944444
Issel;484;43.366944444;1.99
Saint-Michel-de-Lanès;483;43.324722222;1.758333333
Escales;481;43.223611111;2.695277777
Colombières-sur-Orb;480;43.580277777;3.010277777
Châteaudouble;477;43.5975;6.450833333
Verzeille;473;43.125833333;2.325
Euzet;472;44.075833333;4.234166666
Canaules-et-Argentières;472;43.980833333;4.0525
Rouffiac-d'Aude;472;43.128333333;2.298888888
Aragon;470;43.296111111;2.314444444
Le Pin;467;44.090277777;4.540833333
Aigues-Vives;467;43.3375;2.818333333
Estavar;467;42.470555555;1.997222222
Rutali;466;42.579722222;9.363333333
Crespian;465;43.881944444;4.096111111
Le Caylar;465;43.863333333;3.319166666
Raissac-sur-Lampy;465;43.277777777;2.159166666
Piana;463;42.239166666;8.636388888
Saint-Dézéry;461;44.001111111;4.269722222
Peyrens;461;43.361666666;1.959722222
Latour-de-Carol;461;42.465277777;1.888888888
Taussac-la-Billière;459;43.621388888;3.071388888
Bréau-et-Salagosse;458;43.989722222;3.570833333
Fontiers-Cabardès;458;43.369722222;2.248055555
Camélas;457;42.651388888;2.704722222
Lecques;456;43.836944444;4.063333333
Talairan;452;43.051388888;2.663333333
Argilliers;448;43.979722222;4.495277777
Aulas;447;44.000277777;3.586388888
Casaglione;447;42.067777777;8.788055555
Foissac;444;44.043055555;4.298055555
Saint-Hilaire-de-Beauvoir;444;43.756388888;4.013611111
Thoiras;442;44.065277777;3.927777777
Saint-André-d'Olérargues;441;44.161944444;4.485555555
Sainte-Colombe-sur-l'Hers;441;42.9525;1.966111111
Saorge;440;43.987222222;7.5525
Orthoux-Sérignac-Quilhan;438;43.892222222;4.056944444
Usclas-d'Hérault;438;43.518611111;3.464166666
Martignargues;437;44.044722222;4.178055555
Saint-Privat;436;43.754722222;3.436111111
Fuilla;434;42.561944444;2.362777777
Malras;431;43.063333333;2.172222222
Cassagnoles;430;44.0225;4.130555555
Sauteyrargues;429;43.838888888;3.919166666
Causse-de-la-Selle;429;43.805555555;3.6475
Puivert;428;42.920555555;2.046944444
Vivario;428;42.173055555;9.170277777
Cesseras;426;43.325;2.715277777
Villemagne-l'Argentière;421;43.617777777;3.119444444
Castillon;420;43.833333333;7.472222222
Montegrosso;420;42.535555555;8.873888888
Floure;418;43.182777777;2.49
Égat;418;42.500277777;2.016111111
Notre-Dame-de-la-Rouvière;417;44.048333333;3.701111111
Villespy;416;43.319166666;2.098055555
Vallabrix;415;44.061388888;4.478611111
La Capelle-et-Masmolène;415;44.051388888;4.528333333
Rivières;415;44.226111111;4.275
Tavera;413;42.068333333;9.015555555
Labécède-Lauragais;412;43.391388888;2.005277777
Palau-de-Cerdagne;412;42.415555555;1.966388888
Cenne-Monestiés;410;43.331944444;2.1175
Cazouls-d'Hérault;406;43.506388888;3.4575
Caille;403;43.779166666;6.731111111
Tavaco;402;42.036388888;8.898055555
Cipières;400;43.783333333;6.955277777
Sahorre;399;42.5325;2.361944444
Saint-Étienne-de-l'Olm;396;44.058611111;4.184444444
Villanova;396;41.959444444;8.667777777
Bordezac;391;44.314722222;4.076666666
Laurabuc;390;43.246944444;1.980555555
Saint-Césaire-de-Gauzignan;389;44.029722222;4.205
Alet-les-Bains;386;42.996388888;2.256388888
Casanova;385;42.254444444;9.174444444
Sainte-Lucie-de-Tallano;381;41.697777777;9.064166666
Camplong-d'Aude;380;43.128611111;2.651944444
Eus;380;42.643611111;2.457222222
Mandagout;379;44.020833333;3.625277777
Santa-Maria-Siché;379;41.876111111;8.978333333
Galéria;379;42.409444444;8.648611111
Salsigne;377;43.33;2.357222222
Carbuccia;374;42.040833333;8.953611111
Saint-Couat-d'Aude;373;43.202777777;2.629444444
Belcaire;373;42.815833333;1.957222222
Villesiscle;373;43.228055555;2.093611111
Saint-Estève-Janson;372;43.686666666;5.394166666
Esparron;371;43.591388888;5.848611111
Ponteils-et-Brésis;371;44.402222222;3.976666666
Villesèque-des-Corbières;371;43.015277777;2.851666666
Potelières;369;44.222777777;4.238611111
Sollacaro;369;41.744166666;8.912222222
Gourdon;368;43.720277777;6.978333333
Saint-Laurent-le-Minier;368;43.932222222;3.654444444
Bourdic;368;43.983333333;4.330833333
Buzignargues;368;43.770277777;4.005
Saint-Martin-de-Villereglan;368;43.105833333;2.211388888
Pauligne;368;43.073333333;2.161111111
Laurabuc-et-Mireval;368;43.246944444;1.980555555
Joch;367;42.6175;2.525277777
Bocognano;367;42.081111111;9.056666666
Coulobres;365;43.449722222;3.279444444
Malviès;364;43.118611111;2.184444444
Algajola;363;42.607777777;8.862222222
Laurabuc-et-Mireval;359;43.246944444;1.980555555
Saint-Michel-de-Llotes;357;42.648888888;2.623888888
Codalet;357;42.610277777;2.416666666
Saint-Vincent-d'Olargues;356;43.560555555;2.879166666
Popian;355;43.619722222;3.535277777
Azillanet;355;43.324166666;2.7375
Souilhanels;355;43.350555555;1.918611111
Saint-André-de-Valborgne;354;44.156111111;3.682777777
Fontanès;353;43.794444444;3.914444444
Argens-Minervois;353;43.242222222;2.765555555
Sardan;352;43.873055555;4.041111111
Flaux;352;44.020555555;4.503611111
Murles;352;43.689166666;3.745833333
Sari-d'Orcino;352;42.06;8.8275
Toudon;351;43.900555555;7.114444444
Saint-Clément;350;43.830833333;4.027222222
La Vernarède;350;44.288611111;4.009166666
Prades-sur-Vernazobre;349;43.4475;2.986111111
Baron;348;44.049166666;4.281111111
Ur;348;42.461944444;1.9375
Pietroso;348;42.156666666;9.270277777
Saint-Privat-de-Champclos;347;44.285;4.358055555
Valle-di-Campoloro;347;42.335833333;9.494166666
Volpajola;347;42.526111111;9.353888888
Fa;345;42.938055555;2.192222222
Villeneuve-lès-Montréal;345;43.18;2.111388888
Oms;344;42.543888888;2.696388888
Villedubert;343;43.230833333;2.421388888
Olette;342;42.555277777;2.269722222
Pierrefeu;340;43.863888888;7.091944444
Moncale;340;42.509722222;8.835833333
Comps-sur-Artuby;339;43.71;6.508888888
Lanuéjols;339;44.130833333;3.383888888
Fraisse-sur-Agout;339;43.606111111;2.798055555
Montbrun-des-Corbières;339;43.198888888;2.684722222
Brousses-et-Villaret;338;43.342222222;2.253333333
Carlipa;338;43.307222222;2.126111111
Santo-Pietro-di-Tenda;338;42.605277777;9.257777777
Cabrerolles;337;43.545277777;3.125555555
Lieuran-Cabrières;336;43.585277777;3.415277777
Montmaur;335;43.393611111;1.843888888
Serra-di-Fiumorbo;333;41.985;9.336111111
Alaigne;332;43.101388888;2.091111111
Montner;331;42.748888888;2.6775
La Bruguière;329;44.111111111;4.4125
Souilhe;329;43.369722222;1.913888888
Le Pradal;328;43.627222222;3.104444444
Salasc;328;43.62;3.315833333
Liouc;327;43.894166666;3.998888888
Portes;327;44.270555555;4.020555555
Taurinya;326;42.580277777;2.426666666
Malaussène;324;43.929722222;7.128055555
Isolaccio-di-Fiumorbo;324;42.002222222;9.280833333
Bez-et-Esparon;323;43.971944444;3.530833333
Saint-Just-et-Vacquières;323;44.111111111;4.224166666
Combes;322;43.603333333;3.046666666
Saint-Nazaire-de-Ladarez;321;43.509444444;3.075833333
Comigne;320;43.170555555;2.581388888
Bauduen;319;43.733888888;6.175833333
La Caunette;319;43.352777777;2.779444444
Ricaud;319;43.345833333;1.890833333
Barbaggio;319;42.689722222;9.377777777
Aubussargues;318;44.007222222;4.325
Cambieure;318;43.126388888;2.133333333
Llauro;317;42.549722222;2.743888888
Saint-Victor-des-Oules;316;44.041944444;4.483888888
Mosset;316;42.668055555;2.348333333
Canari;316;42.845555555;9.33
Saint-Paul-la-Coste;315;44.149722222;3.969444444
Issirac;313;44.271666666;4.480833333
Caussols;312;43.741388888;6.9
Bagnoles;312;43.271111111;2.436666666
Les Cassés;312;43.426111111;1.867777777
Fontan;310;44.003888888;7.553611111
Lacoste;308;43.646666666;3.436666666
Canale-di-Verde;307;42.276944444;9.475
Touët-de-l'Escarène;306;43.8475;7.365
Villelongue-d'Aude;306;43.054166666;2.095
Zilia;306;42.530277777;8.901111111
Les Plans;305;43.753333333;3.276111111
Campagne;305;43.787222222;4.029444444
Babeau-Bouldoux;305;43.436111111;2.909166666
Agonès;304;43.9025;3.728333333
Les Martys;304;43.416388888;2.305833333
Moissac-Bellevue;303;43.652777777;6.166666666
Gaja-et-Villedieu;303;43.081111111;2.187222222
Navacelles;302;44.162777777;4.240555555
Saint-Sauveur-sur-Tinée;301;44.083888888;7.105
Ginoles;301;42.868055555;2.158611111
Brouzet-lès-Quissac;300;43.861944444;3.989722222
Saint-Étienne-d'Albagnan;300;43.531666666;2.856388888
Pierrerue;296;43.427222222;2.9775
Brugairolles;295;43.124444444;2.158333333
Saint-Denis;293;44.233055555;4.251944444
La Digne-d'Amont;292;43.041388888;2.159722222
Santo-Pietro-di-Venaco;290;42.245833333;9.171666666
Les Baux-de-Provence;289;43.743888888;4.795277777
Saumane;289;44.12;3.760833333
Artigues;288;43.593333333;5.810833333
Aigne;288;43.332222222;2.797222222
Avène;288;43.757491666;3.099475
Roquefeuil;288;42.820277777;1.995
Saint-Bénézet;287;43.993333333;4.135833333
Les Plans;287;44.142222222;4.210833333
Verdun-en-Lauragais;287;43.365555555;2.059166666
Lasserre-de-Prouille;286;43.179166666;2.083055555
Castelnou;286;42.619722222;2.702777777
Cassagnes;283;42.740277777;2.611388888
Courry;282;44.299166666;4.155833333
Tallone;282;42.231388888;9.414166666
Artignosc-sur-Verdon;281;43.703055555;6.090277777
Antugnac;281;42.955;2.224722222
Cozzano;279;41.934444444;9.154722222
Matemale;278;42.586666666;2.118611111
Pila-Canale;277;41.812777777;8.909722222
Saint-Saturnin-de-Lucian;276;43.694166666;3.470833333
Tournissan;276;43.081666666;2.664444444
Peyremale;275;44.300555555;4.062222222
Gailhan;275;43.843888888;4.031944444
Ceilhes-et-Rocozels;274;43.803686111;3.110430555
Roquetaillade-et-Conilhac;271;42.9944;2.1998
Aiguines;270;43.775833333;6.243611111
Calacuccia;270;42.335833333;9.0175
Maruéjols-lès-Gardon;269;44.005555555;4.130833333
Vieussan;269;43.541111111;2.976944444
Speloncato;269;42.561944444;8.981111111
Arre;268;43.966388888;3.518888888
Puilaurens;268;42.809722222;2.305
Les Brunels;268;43.403611111;2.049722222
Vezzani;268;42.173888888;9.246666666
Soudorgues;266;44.065833333;3.83
Concoules;266;44.382777777;3.938333333
Joncels;266;43.7375;3.194722222
Clara-Villerach;266;42.585277777;2.443055555
Roquedur;265;43.975833333;3.675555555
Saint-Guiraud;265;43.676666666;3.454444444
Ribaute;265;43.107777777;2.635
Ladern-sur-Lauquet;265;43.105;2.351944444
Saint-Jean-de-Barrou;265;42.9575;2.84
Rosis;264;43.666944444;3.004444444
Logrian-Florian;263;43.955833333;4.028888888
Oupia;263;43.29;2.766388888
Villarzel-Cabardès;263;43.279166666;2.459444444
Saint-Pierre-dels-Forcats;261;42.494722222;2.118333333
Saint-Hippolyte-de-Caton;260;44.070555555;4.203333333
Chambon;260;44.301944444;4.018055555
Saint-Martin-de-Pallières;259;43.588611111;5.884444444
Arques;259;42.9525;2.375
Bézaudun-les-Alpes;258;43.8075;7.096111111
Nébias;258;42.896666666;2.115833333
La Force;258;43.194166666;2.093611111
Le Puech;257;43.694444444;3.314166666
Pougnadoresse;256;44.092222222;4.506111111
Saint-Étienne-Estréchoux;254;43.668055555;3.103888888
Treilles;254;42.923333333;2.943888888
Occhiatana;254;42.574166666;9.008888888
Moulinet;253;43.940833333;7.412777777
Bellegarde-du-Razès;253;43.109722222;2.044166666
Villeneuve-les-Corbières;252;42.977222222;2.776111111
Muro;252;42.545555555;8.914166666
Montauriol;251;42.575833333;2.724444444
Saint-Hippolyte-de-Montaigu;250;44.032222222;4.492777777
Rochegude;250;44.238888888;4.296111111
Fontarèches;250;44.108333333;4.438055555
Cailhau;250;43.147222222;2.136388888
Fouzilhon;249;43.501388888;3.244722222
Belvianes-et-Cavirac;249;42.853055555;2.200555555
Luc-sur-Aude;249;42.959166666;2.270277777
Laurabuc;249;43.246944444;1.980555555
Urtaca;249;42.594444444;9.165833333
Cateri;249;42.571388888;8.891944444
Agel;248;43.337777777;2.853333333
Molitg-les-Bains;248;42.6525;2.388611111
Molandier;247;43.246111111;1.715833333
Loupia;247;43.061944444;2.111944444
Moca-Croce;247;41.808333333;9.0125
Cros;246;43.993611111;3.825
Montels;246;43.294722222;3.03
Raissac-d'Aude;246;43.228611111;2.88
La Roque-Esclapon;245;43.723055555;6.63
Blomac;245;43.204166666;2.596388888
Saint-Jean-de-Crieulon;244;43.972222222;3.992222222
Saint-Guilhem-le-Désert;244;43.733888888;3.549722222
Corsavy;244;42.466666666;2.578888888
Villemagne;243;43.358333333;2.111388888
Sénéchas;241;44.325277777;4.027777777
Aumessas;241;43.991111111;3.503611111
Usclas-du-Bosc;241;43.723333333;3.402777777
Bugarach;240;42.877222222;2.351111111
La Penne;239;43.928055555;6.948888888
Baudinard-sur-Verdon;239;43.716388888;6.134444444
Les Plantiers;239;44.116388888;3.723055555
Savignargues;239;43.962222222;4.083333333
Monze;239;43.155833333;2.46
Belvézet;238;44.084722222;4.365
Pézènes-les-Mines;237;43.588888888;3.252222222
Soupex;237;43.378611111;1.895277777
Farinole;236;42.732222222;9.365555555
Routier;235;43.107777777;2.126666666
Serralongue;235;42.3975;2.555555555
Feliceto;235;42.543611111;8.935277777
Le Garn;234;44.306388888;4.472777777
Revest-les-Roches;233;43.880555555;7.157222222
Fons-sur-Lussan;233;44.185833333;4.328888888
Saint-Frichoux;233;43.251666666;2.552222222
Les Cluses;233;42.486111111;2.838333333
Aghione;233;42.1075;9.4175
Les Salles-sur-Verdon;232;43.774166666;6.209722222
Garrigues;231;43.794722222;4.013888888
Espezel;231;42.821666666;2.021388888
Cazevieille;229;43.77;3.788611111
Serdinya;228;42.568055555;2.321666666
Castanet-le-Haut;225;43.668055555;2.971666666
Casalabriva;224;41.753055555;8.937222222
Saint-Pierre-de-Mézoargues;223;43.858888888;4.648888888
La Cadière-et-Cambo;223;43.9575;3.808055555
Saint-Julien;222;43.569166666;2.926111111
Bargème;221;43.73;6.573055555
Camplong;221;43.672777777;3.118333333
Montouliers;221;43.338055555;2.906388888
Soumont;221;43.727777777;3.354166666
Calce;220;42.758888888;2.753888888
Berlou;219;43.490277777;2.956111111
Brenac;219;42.891111111;2.153611111
Cascastel-des-Corbières;219;42.985;2.759166666
Rouvenac;219;42.937777777;2.145833333
Bouilhonnac;219;43.231388888;2.439722222
Évisa;219;42.253611111;8.801388888
Olivese;219;41.845555555;9.056944444
Chiatra;219;42.291944444;9.475555555
Beaufort;218;43.298333333;2.758055555
La Llagonne;218;42.526388888;2.120833333
Caudebronde;217;43.378888888;2.310555555
Montagnac;216;43.937222222;4.148055555
Saint-Sauveur-Camprieu;216;44.115833333;3.477222222
Saint-Geniès-de-Varensal;216;43.671944444;3.006666666
Vignale;216;42.538055555;9.381388888
La Martre;215;43.771388888;6.598333333
Viols-en-Laval;215;43.7525;3.725555555
Rivel;215;42.944444444;2.000277777
Poggio-d'Oletta;215;42.639444444;9.3625
Colognac;214;44.028611111;3.821944444
Zicavo;214;41.907222222;9.130277777
Saint-Auban;213;43.848333333;6.726388888
Laval-Saint-Roman;213;44.298611111;4.505
Aiguèze;213;44.303333333;4.555833333
Arrigas;213;43.988888888;3.480277777
Bisinchi;213;42.478333333;9.323611111
Roqueredonde;212;43.800277777;3.212222222
Saint-Martin-le-Vieil;212;43.294722222;2.144722222
Bélesta;212;42.7175;2.6075
Saint-Jean-de-Buèges;211;43.828333333;3.6175
Fraissé-des-Corbières;211;42.9625;2.86
Trigance;210;43.761111111;6.443888888
Roquetaillade;210;42.994444444;2.199166666
Rennes-les-Bains;210;42.918888888;2.318888888
Poggio-di-Venaco;210;42.258055555;9.186388888
Fozzano;208;41.6975;9.000555555
Ville-di-Paraso;208;42.566666666;8.986388888
Saint-Félix-de-Pallières;207;44.023055555;3.9325
Servas;207;44.1575;4.196111111
Massanes;207;44.021944444;4.112777777
Payra-sur-l'Hers;207;43.266111111;1.855
Villefranche-de-Conflent;207;42.587222222;2.367777777
Loreto-di-Casinca;207;42.476944444;9.430833333
Castelreng;206;43.028055555;2.1375
Montferrer;206;42.438055555;2.567222222
Ghisoni;205;42.103333333;9.211111111
Mourèze;204;43.618888888;3.356111111
Saint-Paulet;204;43.406111111;1.877777777
La Bastide-d'Engras;203;44.094722222;4.478333333
La Bastide;202;43.734166666;6.624722222
Salazac;202;44.260277777;4.525277777
Lauroux;202;43.777777777;3.289166666
Espira-de-Conflent;202;42.616944444;2.498055555
Fillols;202;42.560833333;2.409444444
Albertacce;202;42.327222222;8.983888888
Sant'Andréa-di-Cotone;202;42.313333333;9.479444444
Finestret;201;42.616111111;2.511388888
Sigale;199;43.872222222;6.964444444
Ajac;199;43.047777777;2.137222222
Azilone-Ampaza;198;41.864166666;9.014166666
Pancheraccia;197;42.218888888;9.371388888
La Vacquerie-et-Saint-Martin-de-Castries;195;43.789166666;3.460555555
Targasonne;195;42.499444444;1.997222222
Serviès-en-Val;193;43.089166666;2.52
Saint-Pierre-des-Champs;191;43.058611111;2.604722222
Mireval-Lauragais;191;43.254444444;1.958333333
La Porta;191;42.422777777;9.352777777
Bouquet;190;44.158888888;4.290277777
Quenza;190;41.766111111;9.138888888
Festes-et-Saint-André;189;42.973888888;2.145555555
Montdardier;188;43.9275;3.591666666
Fozières;188;43.751666666;3.357222222
Saint-Martial;187;44.034444444;3.735833333
Palasca;187;42.589166666;9.042777777
Venanson;185;44.053055555;7.253055555
Briançonnet;184;43.865277777;6.757777777
Tordères;184;42.56;2.752222222
Aullène;184;41.772222222;9.080833333
Olmi-Cappella;184;42.528611111;9.019722222
Campile;184;42.4925;9.353611111
Poggio-di-Nazza;184;42.055833333;9.296666666
Villespassans;182;43.380555555;2.915555555
Saint-Maurice-Navacelles;182;43.846944444;3.518333333
Montclus;181;44.260555555;4.419722222
Poujols;181;43.764722222;3.324166666
Laurac;181;43.229166666;1.975555555
Centuri;181;42.965555555;9.353888888
Tomino;181;42.945833333;9.442777777
Brézilhac;180;43.168055555;2.079444444
La Pomarède;179;43.404722222;1.95
Lacombe;179;43.3975;2.233611111
Ascros;178;43.920833333;7.013611111
Saint-Jean-de-Ceyrargues;178;44.051388888;4.226944444
Pradelles-en-Val;178;43.145555555;2.514166666
Pruno;178;42.416111111;9.439722222
La Roque-sur-Cèze;177;44.193611111;4.519444444
Montbolo;177;42.484722222;2.655277777
Belvédère-Campomoro;177;41.627777777;8.815
Montoulieu;176;43.926944444;3.790555555
Airoux;176;43.363611111;1.866666666
La Cassaigne;175;43.202777777;1.993888888
Mas-Cabardès;175;43.370555555;2.362222222
Cognocoli-Monticchi;175;41.828333333;8.905833333
Trévillach;174;42.708611111;2.530277777
Alzon;173;43.966944444;3.439444444
Pardailhan;173;43.450833333;2.846388888
Cabrespine;173;43.363055555;2.459722222
Montclar;173;43.135;2.248333333
Dorres;173;42.484722222;1.938888888
Vivès;173;42.528333333;2.763888888
Mauressargues;171;43.959722222;4.159166666
Olmet-et-Villecun;170;43.707222222;3.288611111
Rigaud;169;43.990833333;6.991388888
Aujac;168;44.349444444;4.014166666
Bragassargues;168;43.916944444;4.050833333
Baraigne;168;43.330555555;1.823611111
Mireval-Lauragais;168;43.254444444;1.958333333
Ansignan;167;42.760833333;2.515555555
Seynes;165;44.116388888;4.283333333
Caussiniojouls;164;43.551388888;3.1525
Caudeval;163;43.075555555;1.975555555
Assignan;162;43.3975;2.888611111
Sainte-Colombe-de-la-Commanderie;162;42.614722222;2.747777777
Saint-Roman-de-Codières;161;44.002222222;3.7775
Val de Lambronne;161;43.075555555;1.975555555
Llo;161;42.455;2.063888888
Rasiguères;161;42.765833333;2.608888888
Pino;161;42.908055555;9.351388888
Rapale;161;42.590833333;9.303611111
Saint-Christol-de-Rodières;160;44.268611111;4.513333333
Escueillens;160;43.109166666;2.02
Fressac;159;43.996666666;3.925833333
Villefloure;159;43.123333333;2.381111111
Belvis;159;42.850555555;2.075555555
Villerouge-Termenès;158;43.006944444;2.628055555
Duranus;157;43.893333333;7.259166666
Soccia;157;42.189722222;8.911111111
Montalba-le-Château;155;42.695833333;2.559722222
Guitera-les-Bains;155;41.913888888;9.086666666
Arbellara;155;41.681944444;8.99
Valle-di-Rostino;155;42.459166666;9.280277777
Vallecalle;155;42.598611111;9.338333333
Pégairolles-de-l'Escalette;154;43.802777777;3.322777777
Puginier;154;43.377222222;1.928333333
Pradelles-Cabardès;154;43.408611111;2.446388888
Guagno;154;42.168611111;8.948611111
Saint-Martin-d'Entraunes;153;44.141944444;6.762222222
L'Estréchure;153;44.108333333;3.783055555
Lastours;153;43.334166666;2.378888888
Cagnano;153;42.875277777;9.429722222
Les Rives;152;43.842222222;3.268888888
Nyer;152;42.533611111;2.275833333
Lavatoggio;152;42.573888888;8.877777777
Liausson;151;43.635833333;3.369722222
Mazerolles-du-Razès;151;43.138611111;2.071666666
Embres-et-Castelmaure;151;42.939722222;2.813611111
Foce;151;41.630833333;9.063888888
Guargualé;151;41.836388888;8.926944444
Riventosa;151;42.251388888;9.181944444
Ferrals-les-Montagnes;150;43.402222222;2.631388888
Saint-Polycarpe;150;43.041111111;2.289166666
Lama;150;42.576666666;9.172222222
Tournefort;149;43.946666666;7.151111111
Corbès;149;44.076111111;3.954166666
Dio-et-Valquières;149;43.667222222;3.233333333
Castirla;149;42.372777777;9.143888888
Cuébris;148;43.886944444;7.020555555
Duilhac-sous-Peyrepertuse;148;42.863333333;2.566388888
Zalana;148;42.260555555;9.375555555
Prunelli-di-Casacconi;148;42.504166666;9.401666666
Cailhavel;147;43.161944444;2.126388888
Bouriège;147;42.985833333;2.166388888
Mont-Louis;147;42.508333333;2.12
Châteauvert;146;43.5;6.025833333
Eyne;146;42.473611111;2.0825
Balogna;146;42.177777777;8.779166666
Barrettali;146;42.876944444;9.355277777
Campestre-et-Luc;145;43.953055555;3.419722222
Vailhan;145;43.5525;3.302777777
Saint-Julien-de-la-Nef;144;43.965;3.688333333
Molleville;144;43.312222222;1.834166666
Laroque-de-Fa;144;42.956388888;2.564444444
Estoher;144;42.600833333;2.486111111
Daluis;143;44.026944444;6.811944444
Piedigriggio;143;42.447777777;9.172222222
Olmo;143;42.495833333;9.4075
Tourette-du-Château;142;43.882222222;7.142777777
Ilonse;142;44.032222222;7.099444444
Padern;142;42.867777777;2.657222222
Villanière;142;43.341944444;2.360833333
Escueillens-et-Saint-Just-de-Bélengard;142;43.109166666;2.02
Casteil;142;42.530833333;2.393333333
Vabres;141;44.0325;3.887777777
Lesquerde;141;42.801111111;2.529722222
Frasseto;141;41.896111111;9.022222222
Arphy;140;44.018611111;3.596944444
Sorio;140;42.583055555;9.273888888
San-Lorenzo;140;42.384166666;9.290555555
Villebazy;139;43.064444444;2.323611111
Lamelouze;138;44.193888888;3.963888888
Sant'Antonino;138;42.589166666;8.905
Entraunes;137;44.188055555;6.748333333
Dourbies;137;44.064166666;3.446666666
Saint-Jean-de-Minervois;137;43.386111111;2.8325
Gaja-la-Selve;137;43.195277777;1.895833333
Ersa;136;42.975;9.38
Castifao;136;42.504444444;9.111944444
Vallérargues;135;44.131666666;4.351666666
Saint-Jean-de-Paracol;135;42.935833333;2.113888888
Lespinassière;135;43.402777777;2.537222222
Sonnac-sur-l'Hers;135;43.003888888;1.993055555
Fontjoncouse;135;43.048333333;2.788333333
Rimplas;133;44.063611111;7.13
Tourreilles;133;43.022222222;2.170555555
Caixas;133;42.582777777;2.683055555
Palneca;133;41.969722222;9.173333333
Sant'Andréa-d'Orcino;133;42.046388888;8.808888888
Castans;131;43.406944444;2.483611111
Félines-Termenès;131;42.988611111;2.615
Roquecourbe-Minervois;131;43.22;2.649166666
Plavilla;131;43.146944444;1.913611111
Hounoux;131;43.128611111;2.000555555
Davejean;131;42.959722222;2.606388888
Caramany;131;42.735277777;2.570833333
Fontrabiouse;131;42.636111111;2.096111111
Ciamannacce;131;41.951944444;9.1475
Letia;130;42.190277777;8.8475
Olmeta-di-Capocorso;130;42.768611111;9.371388888
Le Soulié;128;43.551388888;2.689444444
Fos;128;43.566111111;3.245833333
Soulatgé;128;42.878333333;2.504166666
Gardie;128;43.074444444;2.299166666
Arboussols;128;42.663611111;2.485277777
Zigliara;128;41.846388888;8.993888888
Saint-Pierre-de-la-Fage;127;43.793055555;3.425833333
Limousis;127;43.333888888;2.401388888
Gramazie;127;43.139166666;2.096944444
Ferran;127;43.1525;2.089722222
Puget-Rostang;126;43.973888888;6.917777777
Blandas;126;43.912777777;3.512777777
Corscia;126;42.354722222;9.0425
Saint-Antonin-sur-Bayon;125;43.518333333;5.582777777
Sougraigne;125;42.900833333;2.354444444
Bairols;124;43.981388888;7.127222222
Sainte-Léocadie;123;42.436666666;2.003333333
Sallèles-Cabardès;122;43.323888888;2.419722222
Ortiporio;122;42.457222222;9.343333333
Soustelle;121;44.175;4.011388888
Sainte-Camelle;121;43.268611111;1.805555555
Villar-Saint-Anselme;121;43.053888888;2.298611111
Baillestavy;121;42.564722222;2.525
Tolla;121;41.975277777;8.972222222
Saint-Bonnet-de-Salendrinque;120;44.0375;3.868611111
Malons-et-Elze;120;44.4175;4.023055555
Carlencas-et-Levas;120;43.632777777;3.225277777
Fontpédrouse;120;42.511666666;2.18
Plaigne;119;43.173611111;1.811666666
Escaro;119;42.537777777;2.315277777
Nessa;119;42.550277777;8.948611111
Serriera;118;42.301388888;8.708333333
Manso;118;42.365833333;8.7925
Olmiccia;118;41.693055555;9.06
Casabianca;118;42.446388888;9.363333333
Roubion;116;44.092777777;7.050555555
Saint-Martin-de-l'Arçon;116;43.574722222;2.983333333
Cucugnan;116;42.851111111;2.6025
Soveria;116;42.359444444;9.164166666
Asco;116;42.453611111;9.0325
Santa-Lucia-di-Mercurio;116;42.326111111;9.221111111
Canavaggia;116;42.503333333;9.261944444
Pigna;116;42.599444444;8.902222222
Massoins;115;43.941666666;7.124722222
Albières;115;42.946944444;2.478055555
Coustouge;115;43.047777777;2.743611111
Campôme;115;42.650555555;2.376111111
Carbini;115;41.678888888;9.146666666
Piève;114;42.58;9.287777777
Roure;113;44.090277777;7.088055555
Porta;113;42.526388888;1.825833333
Pero-Casevecchie;113;42.414444444;9.465555555
Mouthoumet;112;42.96;2.526944444
Saint-Gaudéric;112;43.128888888;1.946666666
Donazac;112;43.0775;2.119166666
Casamaccioli;112;42.3175;9.001388888
Campitello;112;42.528333333;9.316666666
Valle-d'Alesani;112;42.326388888;9.415277777
Belflou;111;43.318055555;1.785555555
Laprade;111;43.4425;2.258333333
Poggiolo;111;42.176944444;8.909722222
Velone-Orneto;111;42.400555555;9.480277777
Lento;111;42.521944444;9.281944444
Lozzi;111;42.345;9.003333333
Tralonca;111;42.343333333;9.206666666
Trèves;110;44.077777777;3.388611111
Gorniès;110;43.888333333;3.624722222
Lagamas;110;43.673888888;3.523055555
Cassagnoles;110;43.385555555;2.619722222
Courmes;109;43.7425;7.008888888
Granès;109;42.896666666;2.247777777
Saint-Ferriol;109;42.891388888;2.223888888
Perelli;109;42.3225;9.3925
Conqueyrac;108;43.946666666;3.908611111
Tréville;108;43.385;1.9525
Feuilla;108;42.931944444;2.910277777
Chisa;108;41.924722222;9.263611111
Cassano;108;42.537049;8.889016
Arboras;107;43.710833333;3.484722222
Orsans;107;43.161388888;1.982222222
Taurize;107;43.076388888;2.505277777
Ribouisse;106;43.1825;1.8975
Camurac;106;42.798333333;1.915277777
Vignevieille;106;43.005555555;2.524444444
Saint-Benoît;106;43.017777777;2.061944444
Lopigna;106;42.101111111;8.843333333
Marie;105;44.031944444;7.134444444
Sainte-Croix-de-Caderle;105;44.07;3.865
Taillet;105;42.527222222;2.672222222
Prugnanes;105;42.824444444;2.433055555
Morsiglia;105;42.945555555;9.364444444
San-Gavino-d'Ampugnani;105;42.412222222;9.4225
Saint-Dalmas-le-Selvage;104;44.284722222;6.866111111
Fraisse-Cabardès;104;43.325277777;2.271388888
Saint-Arnac;104;42.779722222;2.529166666
Porté-Puymorens;104;42.548333333;1.831666666
Campo;104;41.891388888;9.004444444
Marignana;104;42.233055555;8.800833333
Piedicorte-di-Gaggio;104;42.235555555;9.328611111
Thiéry;103;43.978333333;7.030555555
Rodome;103;42.798611111;2.07
Silvareccio;103;42.450555555;9.409444444
Roquessels;102;43.551944444;3.223333333
Saint-Julia-de-Bec;102;42.868333333;2.245555555
Tréziers;102;43.056944444;1.954166666
Pierlas;101;44.031666666;7.035555555
Bouisse;101;42.986666666;2.453333333
Murzo;100;42.168055555;8.827222222
Pietra-di-Verde;100;42.298333333;9.450277777
San-Gavino-di-Fiumorbo;100;41.983611111;9.268611111
Erbajolo;100;42.264166666;9.283333333
Le Mas;99;43.843055555;6.858333333
La Croix-sur-Roudoule;99;43.9875;6.875
Rogues;99;43.888333333;3.571944444
Minerve;99;43.354166666;2.746388888
Serra-di-Scopamène;99;41.753888888;9.099166666
Cazalrenoux;98;43.198611111;1.949444444
Le Tech;98;42.410555555;2.544444444
Sauto;98;42.5125;2.151111111
Tox;98;42.251388888;9.430277777
Vélieux;97;43.3875;2.733611111
Mézerville;97;43.26;1.791666666
Villarzel-du-Razès;97;43.139166666;2.206666666
Osani;97;42.323333333;8.632222222
Giuncheto;96;41.586944444;8.954166666
Lafage;95;43.174444444;1.863333333
Citou;95;43.376388888;2.540833333
La Serpent;95;42.967222222;2.1825
Conségudes;94;43.843333333;7.048611111
Pastricciola;94;42.139722222;8.984166666
Partinello;94;42.311944444;8.6825
Olcani;94;42.81;9.370277777
Villeneuve-d'Entraunes;93;44.12;6.795277777
Aiglun;93;43.8575;6.914444444
Planèzes;93;42.766388888;2.618888888
Granace;93;41.641666666;9.0125
Santa-Maria-Figaniella;93;41.707222222;9.005
San-Giovanni-di-Moriani;93;42.374444444;9.478333333
Les Ferres;92;43.846944444;7.094166666
Greffeil;92;43.078611111;2.378888888
Fenouillet;92;42.7925;2.380277777
Verreries-de-Moussans;91;43.448333333;2.685833333
Lansac;91;42.765833333;2.560833333
Ogliastro;91;42.809722222;9.336388888
Coustouges;90;42.367777777;2.649722222
Bigorno;90;42.529444444;9.300833333
Labastide-en-Val;89;43.075833333;2.473888888
Montfort-sur-Boulzane;89;42.742777777;2.307777777
Rennes-le-Château;89;42.927222222;2.263611111
Rabouillet;89;42.731111111;2.389722222
Peyrolles;88;42.959722222;2.318333333
Tasso;88;41.944722222;9.104444444
Salice;88;42.120555555;8.900833333
Forciolo;87;41.854166666;9.009444444
Scolca;87;42.528333333;9.364166666
Pioggiola;86;42.536666666;8.998333333
Saint-Antonin;85;43.910555555;6.98
Villefort;85;42.953611111;2.0325
Saint-Nazaire-des-Gardies;84;43.979444444;4.0175
Mayreville;84;43.239444444;1.839722222
Rieux-en-Val;84;43.081666666;2.530833333
Sampolo;84;41.942222222;9.123611111
Lugo-di-Nazza;84;42.074166666;9.300833333
Roquefort-de-Sault;83;42.738055555;2.200833333
Saint-Julien-de-Briola;83;43.159444444;1.942777777
Rieussec;82;43.417222222;2.739166666
Montauriol;82;43.277777777;1.835555555
Montjardin;82;42.982777777;2.0275
Serres;82;42.946666666;2.324722222
Marquein;81;43.305277777;1.726388888
La Louvière-Lauragais;81;43.263333333;1.751388888
Croce;81;42.413888888;9.361666666
Avapessa;81;42.561388888;8.894722222
Piedicroce;81;42.374166666;9.3675
Bonnevaux;80;44.3675;4.031111111
Cubières-sur-Cinoble;80;42.861111111;2.461111111
Crocicchia;80;42.468333333;9.352222222
Fourtou;79;42.907777777;2.429722222
Arquettes-en-Val;79;43.103611111;2.502222222
Courtauly;79;43.040277777;2.043055555
Py;79;42.495833333;2.350833333
Arro;79;42.092777777;8.813888888
Novella;79;42.584444444;9.1175
Meria;79;42.926944444;9.452777777
Albas;78;43.006111111;2.734166666
Prats-de-Sournia;78;42.744166666;2.460555555
Peyrefitte-sur-l'Hers;77;43.248055555;1.828888888
Ambiegna;77;42.083888888;8.7925
Gars;76;43.865277777;6.803611111
Collongues;76;43.888055555;6.863055555
Fonters-du-Razès;76;43.228611111;1.934722222
Trilla;76;42.739722222;2.519166666
Nahuja;76;42.425;1.995277777
Argiusta-Moriccio;76;41.815;9.023333333
Châteauvieux;75;43.776944444;6.578055555
Montesquieu;75;43.561666666;3.275833333
Pech-Luna;75;43.216666666;1.842777777
Fenouillet-du-Razès;75;43.157222222;2.028611111
Nocario;75;42.393611111;9.360555555
Roquefère;74;43.373611111;2.379722222
Artigues;74;42.803055555;2.211111111
Corrano;74;41.889722222;9.064444444
Cannelle;74;42.049444444;8.820555555
Sermano;74;42.314166666;9.2675
Gourvieille;73;43.339444444;1.782222222
Rouffiac-des-Corbières;72;42.880277777;2.553611111
Casevecchie;72;42.143055555;9.360277777
Giuncaggio;72;42.216666666;9.366111111
Sauze;70;44.087777777;6.835
Escouloubre;70;42.738888888;2.124166666
Saint-Marsal;70;42.537777777;2.621111111
Rospigliani;70;42.19;9.230277777
Salvezines;69;42.780277777;2.306666666
Réal;69;42.630555555;2.133888888
Sorbollano;69;41.751944444;9.109444444
Saint-Bresson;68;43.953611111;3.645833333
Rouet;68;43.811944444;3.813055555
Montirat;68;43.1725;2.438333333
Cristinacce;68;42.239166666;8.840277777
Cambia;68;42.363333333;9.293333333
Favalello;68;42.294444444;9.271666666
Vissec;67;43.899722222;3.458888888
Villeneuvette;67;43.610277777;3.399722222
Conilhac-de-la-Montagne;67;42.978611111;2.193888888
Le Vivier;67;42.771666666;2.453333333
Rezza;67;42.125277777;8.943055555
Nonza;67;42.784722222;9.344444444
L'Albère;66;42.482777777;2.894444444
Zoza;66;41.717777777;9.070277777
Bustanico;66;42.3225;9.300277777
La Roque-en-Provence;65;43.870833333;7.005
Villautou;65;43.159444444;1.831666666
La Bastide;65;42.546944444;2.588888888
Châteauneuf-d'Entraunes;63;44.128333333;6.832222222
Grossa;63;41.609722222;8.877222222
Moïta;63;42.278611111;9.413333333
Noceta;63;42.1975;9.209166666
Aunat;62;42.793888888;2.095277777
Saint-Just-de-Bélengard;62;43.09373;2.03772
Renno;62;42.210555555;8.826388888
Urbalacone;62;41.836944444;8.948333333
Belcastel-et-Buc;61;43.0375;2.340277777
Saint-Amans;61;43.227222222;1.886388888
Boule-d'Amont;61;42.579444444;2.613611111
Conat;61;42.613333333;2.356666666
Feilluns;61;42.761388888;2.483611111
Cargiaca;61;41.732222222;9.049166666
Sant'Andréa-di-Bozio;61;42.297777777;9.302777777
Rusio;61;42.361666666;9.260833333
Calmeilles;60;42.552222222;2.674166666
Nohèdes;60;42.623055555;2.288888888
Orto;60;42.186666666;8.9325
Novale;60;42.31;9.415555555
Gavignano;60;42.418055555;9.287222222
Ferrières-Poussarou;59;43.485;2.898611111
Labastide-Esparbairenque;59;43.381111111;2.395
Les Ilhes;59;43.351666666;2.378055555
Puyvalador;59;42.646388888;2.119722222
Taulis;59;42.523888888;2.6325
Saint-Michel;58;43.855833333;3.386388888
Lanet;58;42.963055555;2.495277777
Cassaignes;58;42.945833333;2.299444444
San-Gavino-di-Tenda;58;42.598888888;9.2675
Ficaja;58;42.421944444;9.367222222
Pietraserena;58;42.235277777;9.345833333
Le Cros;57;43.868611111;3.364444444
Missègre;57;43.003333333;2.3725
Villardebelle;57;43.020833333;2.392777777
Santa-Reparata-di-Moriani;57;42.355277777;9.448888888
Pianello;57;42.289722222;9.360277777
Pommiers;56;43.951388888;3.6075
Brenas;56;43.653333333;3.256944444
Pégairolles-de-Buèges;56;43.805555555;3.586666666
Caunettes-en-Val;56;43.063611111;2.553611111
Camps-sur-l'Agly;56;42.859722222;2.433611111
Quasquara;56;41.900555555;9.010833333
Lunghignano;56;42.54173;8.88653
Bourigeole;55;42.988055555;2.133611111
Planès;55;42.491944444;2.139722222
Lamanère;55;42.360277777;2.520277777
Altagène;55;41.706388888;9.07
Giocatojo;55;42.443333333;9.35
Lavalette;54;43.691666666;3.272777777
Counozouls;54;42.732222222;2.227222222
Peyrefitte-du-Razès;54;43.060833333;2.023055555
Generville;54;43.2125;1.932222222
Casalta;54;42.441944444;9.41
Quintillan;53;42.965277777;2.711111111
Lairière;53;43.015833333;2.484722222
Pomy;53;43.059166666;2.065277777
Bilia;53;41.625277777;8.907222222
Altiani;53;42.237222222;9.291388888
San-Damiano;53;42.411111111;9.407777777
Saint-Léger;52;43.999722222;6.828333333
Tharaux;52;44.241111111;4.311388888
Mérifons;52;43.62;3.284722222
Coudons;52;42.863055555;2.125277777
Fournes-Cabardès;52;43.348611111;2.3975
Arbori;52;42.141666666;8.796944444
Azzana;52;42.1175;8.924166666
Amirat;51;43.890555555;6.824166666
Riboux;51;43.303333333;5.756388888
Coustaussa;51;42.940833333;2.278055555
Cailla;51;42.814722222;2.196666666
Fajac-la-Relenque;51;43.28;1.724166666
Bessède-de-Sault;51;42.788611111;2.125277777
Jonquières;51;43.04;2.729444444
Saint-Louis-et-Parahou;51;42.847777777;2.319444444
Rosazia;51;42.127777777;8.875
Loreto-di-Tallano;51;41.72;9.036944444
Zévaco;51;41.8925;9.049444444
Lieuche;50;43.996388888;7.016944444
Cambon-et-Salvergues;50;43.618055555;2.858611111
Quirbajou;50;42.829722222;2.178611111
Miraval-Cabardès;50;43.382222222;2.346111111
Saint-Just-et-le-Bézu;50;42.879722222;2.2675
Saint-Martin-de-Fenouillet;50;42.785555555;2.468333333
Costa;50;42.575;9.001666666
Felce;50;42.349444444;9.416944444
Le Bousquet;49;42.743333333;2.163055555
La Bezole;49;43.033611111;2.107777777
Matra;49;42.280555555;9.39
Valmascle;48;43.596111111;3.298611111
Montgradail;48;43.121666666;2.026111111
Termes;48;43.000277777;2.5625
Fajac-en-Val;48;43.121111111;2.458611111
Carcheto-Brustico;48;42.365;9.366111111
Prato-di-Giovellina;48;42.423611111;9.163611111
Sallagriffon;47;43.883333333;6.907222222
Puechredon;47;43.9525;4.050277777
Ferrières-les-Verreries;47;43.878055555;3.797222222
Gincla;47;42.762777777;2.325555555
Prunet-et-Belpuig;47;42.561944444;2.624722222
Urbanya;47;42.638888888;2.305
Zérubia;47;41.752777777;9.075555555
Piazzole;47;42.393333333;9.401944444
La Courtète;46;43.146388888;2.043611111
Maisons;46;42.927222222;2.632777777
Le Bourguet;45;43.784166666;6.518611111
Dernacueillette;45;42.928333333;2.597777777
Saliceto;45;42.399444444;9.294722222
Auvare;44;43.988055555;6.908055555
Tarerach;44;42.690555555;2.500833333
Saint-André-de-Buèges;43;43.848611111;3.663055555
Casefabre;43;42.616111111;2.614722222
Jujols;43;42.570555555;2.295277777
Verdèse;43;42.391666666;9.364722222
Porri;43;42.452777777;9.433611111
Sainte-Colombe-sur-Guette;42;42.75;2.234722222
Cumiès;42;43.296111111;1.841111111
Mayronnes;42;43.056388888;2.525
Saint-Sernin;42;43.233333333;1.802777777
Scata;42;42.416388888;9.401388888
Popolasca;42;42.4325;9.1325
Campoussy;41;42.710277777;2.458611111
Fosse;41;42.788333333;2.431111111
Castiglione;41;42.417777777;9.128611111
Les Mujouls;40;43.883611111;6.860277777
Sorbs;40;43.8925;3.400555555
Ayguatébia-Talau;40;42.573055555;2.184722222
Penta-Acquatella;40;42.461111111;9.373888888
Boisset;39;43.401666666;2.704166666
Lignairolles;39;43.097222222;1.993888888
Quercitello;39;42.426111111;9.350277777
Saint-Couat-du-Razès;38;43.000555555;2.109722222
Monthaut;38;43.077222222;2.062222222
Niort-de-Sault;38;42.8025;2.003333333
Montjoi;38;42.992777777;2.482222222
Pézilla-de-Conflent;38;42.738055555;2.481944444
Pie-d'Orezza;38;42.372222222;9.355
Polveroso;38;42.400833333;9.365
Montgaillard;37;42.910277777;2.624444444
Montalba-d'Amélie;37;42.4449;2.6868
Castineta;37;42.4225;9.298888888
Zuani;36;42.271388888;9.346388888
Carpineto;36;42.355277777;9.379444444
Valcebollère;35;42.387222222;2.035277777
Auriac;34;42.931111111;2.492222222
Villetritouls;34;43.080833333;2.490555555
Souanyas;34;42.549722222;2.278888888
Valmanya;34;42.538333333;2.534166666
Muracciole;34;42.169722222;9.184166666
Stazzona;34;42.371388888;9.371666666
Peyrolles;33;44.110833333;3.8325
Saint-Félix-de-l'Héras;33;43.835277777;3.301388888
Mérial;33;42.787222222;1.979166666
Corbières;33;43.040277777;1.99
Galinagues;33;42.807777777;2.045277777
Canaveilles;33;42.536388888;2.249722222
Mantet;33;42.477222222;2.307222222
Pietricaggio;33;42.335277777;9.389444444
Poggio-Marinaccio;33;42.435277777;9.353611111
Véraza;32;42.985555555;2.306111111
Gueytes-et-Labastide;32;43.068888888;2.006111111
Palairac;32;42.957222222;2.661388888
Comus;32;42.8125;1.890277777
Joucou;31;42.826388888;2.088333333
Thuès-Entre-Valls;31;42.524166666;2.223333333
Mela;31;41.695833333;9.093888888
Cardo-Torgia;30;41.868888888;8.978888888
Focicchia;30;42.250555555;9.294444444
Seignalens;29;43.098888888;1.970555555
Saint-Martin-des-Puits;29;43.040555555;2.568611111
Pécharic-et-le-Py;29;43.186666666;1.835555555
Clermont-sur-Lauquet;29;43.045277777;2.421944444
Rapaggio;29;42.3725;9.39
Le Clat;28;42.785833333;2.167777777
Castellare-di-Mercurio;28;42.310555555;9.247222222
Vallica;28;42.521111111;9.051388888
Celles;27;43.661111111;3.340555555
Cahuzac;27;43.191944444;1.850277777
Trassanel;27;43.346388888;2.436388888
Vira;27;42.77;2.413888888
Sansa;27;42.602222222;2.173611111
Mazzola;27;42.300555555;9.310555555
Aiti;27;42.399166666;9.243888888
Valle-d'Orezza;27;42.367777777;9.398055555
Revens;26;44.086944444;3.296388888
Causse-Bégon;26;44.061944444;3.360277777
Massac;26;42.918333333;2.573055555
Mazuby;26;42.801388888;2.033055555
Oreilla;26;42.559166666;2.253888888
Alando;26;42.306388888;9.290555555
Ortale;26;42.316388888;9.423333333
Valmigère;25;42.981666666;2.376111111
Alzi;25;42.303333333;9.301944444
Carticasi;25;42.356944444;9.290277777
Mausoléo;25;42.519722222;9.008333333
Parata;25;42.37;9.408888888
Villar-en-Val;24;43.083055555;2.458333333
Saint-Martin-Lys;24;42.827222222;2.226111111
Salza;24;42.983611111;2.496388888
Mas-des-Cours;24;43.129722222;2.423611111
Ampriani;24;42.254166666;9.357222222
La Tourette-Cabardès;23;43.380555555;2.335
Railleu;23;42.586111111;2.182222222
Monacia-d'Orezza;23;42.381944444;9.398333333
Brenon;22;43.766944444;6.543888888
Belfort-sur-Rebenty;22;42.825833333;2.048055555
Lano;22;42.382777777;9.2475
Romiguières;21;43.818333333;3.230277777
Marsa;21;42.8225;2.155555555
Campana;21;42.387777777;9.351388888
Campagna-de-Sault;19;42.759444444;2.053888888
Glorianes;19;42.590555555;2.554444444
Piazzali;19;42.318888888;9.408611111
Piano;19;42.447222222;9.403055555
Campi;19;42.271666666;9.422777777
Caudiès-de-Conflent;18;42.567222222;2.161388888
Piobetta;17;42.344444444;9.383333333
Piedipartino;16;42.368055555;9.358611111
Terroles;15;42.985;2.338333333
Tivolaggio;15;41.63008;8.87968
Tarrano;15;42.35;9.401666666
La Fajolle;12;42.770555555;1.964722222
Érone;12;42.372222222;9.270555555
Caunette-sur-Lauquet;10;43.030555555;2.415555555
Brustico;10;42.35853;9.36819
Vérignon;9;43.653333333;6.273333333
Fontanès-de-Sault;5;42.768333333;2.081666666